ds,trend,yhat_lower,yhat_upper,trend_lower,trend_upper,additive_terms,additive_terms_lower,additive_terms_upper,weekly,weekly_lower,weekly_upper,multiplicative_terms,multiplicative_terms_lower,multiplicative_terms_upper,yhat
2023-01-01,17.08972,4.996916926371652,25.03932913766529,17.08972,17.08972,-1.62944840781974,-1.62944840781974,-1.62944840781974,-1.62944840781974,-1.62944840781974,-1.62944840781974,0.0,0.0,0.0,15.46027159218026
2023-01-02,17.08573569230769,7.025054901836781,26.996719289809878,17.08573569230769,17.08573569230769,0.008930471529441375,0.008930471529441375,0.008930471529441375,0.008930471529441375,0.008930471529441375,0.008930471529441375,0.0,0.0,0.0,17.094666163837132
2023-01-03,17.081751384615384,6.412417432960315,25.744525475364668,17.081751384615384,17.081751384615384,-1.0759314741041752,-1.0759314741041752,-1.0759314741041752,-1.0759314741041752,-1.0759314741041752,-1.0759314741041752,0.0,0.0,0.0,16.005819910511207
2023-01-04,17.077767076923077,7.37065058520027,27.5884121760163,17.077767076923077,17.077767076923077,0.7845770976545742,0.7845770976545742,0.7845770976545742,0.7845770976545742,0.7845770976545742,0.7845770976545742,0.0,0.0,0.0,17.86234417457765
2023-01-05,17.073782769230768,8.38436270868683,27.89959556490496,17.073782769230768,17.073782769230768,1.0391135999961554,1.0391135999961554,1.0391135999961554,1.0391135999961554,1.0391135999961554,1.0391135999961554,0.0,0.0,0.0,18.112896369226924
2023-01-06,17.06979846153846,8.364382786928392,28.743227241834266,17.06979846153846,17.06979846153846,1.158243195119024,1.158243195119024,1.158243195119024,1.158243195119024,1.158243195119024,1.158243195119024,0.0,0.0,0.0,18.228041656657485
2023-01-07,17.06581415384615,7.075328051332024,26.433485866551145,17.06581415384615,17.06581415384615,-0.28548448237971724,-0.28548448237971724,-0.28548448237971724,-0.28548448237971724,-0.28548448237971724,-0.28548448237971724,0.0,0.0,0.0,16.780329671466433
2023-01-08,17.061829846153845,5.932305277186077,24.965170947776475,17.061829846153845,17.061829846153845,-1.629448407816968,-1.629448407816968,-1.629448407816968,-1.629448407816968,-1.629448407816968,-1.629448407816968,0.0,0.0,0.0,15.432381438336877
2023-01-09,17.05784553846154,7.1728723607241145,27.66133052702147,17.05784553846154,17.05784553846154,0.008930471530110978,0.008930471530110978,0.008930471530110978,0.008930471530110978,0.008930471530110978,0.008930471530110978,0.0,0.0,0.0,17.06677600999165
2023-01-10,17.05386123076923,6.114610183932946,26.608207669011417,17.05386123076923,17.05386123076923,-1.0759314741031558,-1.0759314741031558,-1.0759314741031558,-1.0759314741031558,-1.0759314741031558,-1.0759314741031558,0.0,0.0,0.0,15.977929756666073
2023-01-11,17.049876923076923,8.03862258084811,28.673380744468925,17.049876923076923,17.049876923076923,0.7845770976474533,0.7845770976474533,0.7845770976474533,0.7845770976474533,0.7845770976474533,0.7845770976474533,0.0,0.0,0.0,17.834454020724376
2023-01-12,17.045892615384616,7.397104530475119,28.808363248784566,17.045892615384616,17.045892615384616,1.0391136000019532,1.0391136000019532,1.0391136000019532,1.0391136000019532,1.0391136000019532,1.0391136000019532,0.0,0.0,0.0,18.08500621538657
2023-01-13,17.04190830769231,8.883180358373309,27.982632262209005,17.04190830769231,17.04190830769231,1.1582431951218666,1.1582431951218666,1.1582431951218666,1.1582431951218666,1.1582431951218666,1.1582431951218666,0.0,0.0,0.0,18.200151502814176
2023-01-14,17.037924116791206,6.990484983617545,26.975288051989597,17.037924116791206,17.037924116791206,-0.28548448238433993,-0.28548448238433993,-0.28548448238433993,-0.28548448238433993,-0.28548448238433993,-0.28548448238433993,0.0,0.0,0.0,16.752439634406866
2023-01-15,17.03393992589011,5.728700861021355,25.847918152036222,17.03393992589011,17.03393992589011,-1.6294484078175764,-1.6294484078175764,-1.6294484078175764,-1.6294484078175764,-1.6294484078175764,-1.6294484078175764,0.0,0.0,0.0,15.404491518072533
2023-01-16,17.02995573498901,6.438371515865445,26.926783866014446,17.02995573498901,17.02995573498901,0.008930471527468509,0.008930471527468509,0.008930471527468509,0.008930471527468509,0.008930471527468509,0.008930471527468509,0.0,0.0,0.0,17.038886206516477
2023-01-17,17.025971544087913,6.688271196898842,25.30551780311527,17.025971544087913,17.025971544087913,-1.0759314741035595,-1.0759314741035595,-1.0759314741035595,-1.0759314741035595,-1.0759314741035595,-1.0759314741035595,0.0,0.0,0.0,15.950040069984354
2023-01-18,17.021987353186812,8.157727715469719,27.574166411711296,17.021987353186812,17.021987353186812,0.7845770976476516,0.7845770976476516,0.7845770976476516,0.7845770976476516,0.7845770976476516,0.7845770976476516,0.0,0.0,0.0,17.806564450834465
2023-01-19,17.018003162285716,7.977728399870654,28.519784711430443,17.018003162285716,17.018003162285716,1.0391135999992143,1.0391135999992143,1.0391135999992143,1.0391135999992143,1.0391135999992143,1.0391135999992143,0.0,0.0,0.0,18.05711676228493
2023-01-20,17.014018971384615,8.664632339287426,28.022092110895155,17.014018971384615,17.014018971384615,1.1582431951197818,1.1582431951197818,1.1582431951197818,1.1582431951197818,1.1582431951197818,1.1582431951197818,0.0,0.0,0.0,18.172262166504396
2023-01-21,17.010034780483515,7.0735023824377885,26.13177341704813,17.010034780483515,17.010034780483515,-0.28548448237974067,-0.28548448237974067,-0.28548448237974067,-0.28548448237974067,-0.28548448237974067,-0.28548448237974067,0.0,0.0,0.0,16.724550298103775
2023-01-22,17.00605058958242,5.22008097943457,25.573983515455254,17.00605058958242,17.00605058958242,-1.6294484078181855,-1.6294484078181855,-1.6294484078181855,-1.6294484078181855,-1.6294484078181855,-1.6294484078181855,0.0,0.0,0.0,15.376602181764234
2023-01-23,17.00206639868132,7.239976018105252,27.439960366382934,17.00206639868132,17.00206639868132,0.008930471529619566,0.008930471529619566,0.008930471529619566,0.008930471529619566,0.008930471529619566,0.008930471529619566,0.0,0.0,0.0,17.01099687021094
2023-01-24,16.998082207780218,5.028807878503871,25.77961707646405,16.998082207780218,16.998082207780218,-1.075931474103963,-1.075931474103963,-1.075931474103963,-1.075931474103963,-1.075931474103963,-1.075931474103963,0.0,0.0,0.0,15.922150733676254
2023-01-25,16.99409801727233,8.826569940145307,27.628216177861006,16.99409801727233,16.99409801727233,0.784577097650613,0.784577097650613,0.784577097650613,0.784577097650613,0.784577097650613,0.784577097650613,0.0,0.0,0.0,17.77867511492294
2023-01-26,16.99011382676444,7.906001397934553,27.895138536779506,16.99011382676444,16.99011382676444,1.0391136000007442,1.0391136000007442,1.0391136000007442,1.0391136000007442,1.0391136000007442,1.0391136000007442,0.0,0.0,0.0,18.029227426765182
2023-01-27,16.98612963625655,8.459942964747603,28.07857111595433,16.98612963625655,16.98612963625655,1.1582431951279284,1.1582431951279284,1.1582431951279284,1.1582431951279284,1.1582431951279284,1.1582431951279284,0.0,0.0,0.0,18.144372831384477
2023-01-28,16.982145445748657,7.042761356580343,26.55275864246751,16.982145445748657,16.982145445748657,-0.28548448237851803,-0.28548448237851803,-0.28548448237851803,-0.28548448237851803,-0.28548448237851803,-0.28548448237851803,0.0,0.0,0.0,16.69666096337014
2023-01-29,16.978161255240767,5.789937221362106,25.597026112225567,16.978161255240767,16.978161255240767,-1.6294484078187943,-1.6294484078187943,-1.6294484078187943,-1.6294484078187943,-1.6294484078187943,-1.6294484078187943,0.0,0.0,0.0,15.348712847421973
2023-01-30,16.974177064732878,6.389277073558534,27.07746882351762,16.974177064732878,16.974177064732878,0.008930471528807576,0.008930471528807576,0.008930471528807576,0.008930471528807576,0.008930471528807576,0.008930471528807576,0.0,0.0,0.0,16.983107536261684
2023-01-31,16.97019287422499,6.265860002216078,25.874257906772797,16.97019287422499,16.97019287422499,-1.075931474103655,-1.075931474103655,-1.075931474103655,-1.075931474103655,-1.075931474103655,-1.075931474103655,0.0,0.0,0.0,15.894261400121334
2023-02-01,16.966208683717095,7.211573379555434,28.015938246080687,16.966208683717095,16.966208683717095,0.7845770976462558,0.7845770976462558,0.7845770976462558,0.7845770976462558,0.7845770976462558,0.7845770976462558,0.0,0.0,0.0,17.75078578136335
2023-02-02,16.96222449320921,8.244164968758227,27.95806734969326,16.96222449320921,16.96222449320921,1.0391136000022736,1.0391136000022736,1.0391136000022736,1.0391136000022736,1.0391136000022736,1.0391136000022736,0.0,0.0,0.0,18.001338093211483
2023-02-03,16.958240302701316,8.166574287874985,28.28694798681701,16.958240302701316,16.958240302701316,1.1582431951209162,1.1582431951209162,1.1582431951209162,1.1582431951209162,1.1582431951209162,1.1582431951209162,0.0,0.0,0.0,18.116483497822234
2023-02-04,16.954256112193427,6.574785513632465,26.623196626057354,16.954256112193427,16.954256112193427,-0.28548448237391894,-0.28548448237391894,-0.28548448237391894,-0.28548448237391894,-0.28548448237391894,-0.28548448237391894,0.0,0.0,0.0,16.668771629819506
2023-02-05,16.950271921685538,5.017127848600422,25.23647176003725,16.950271921685538,16.950271921685538,-1.629448407816022,-1.629448407816022,-1.629448407816022,-1.629448407816022,-1.629448407816022,-1.629448407816022,0.0,0.0,0.0,15.320823513869515
2023-02-06,16.94628773164402,6.797841404839874,26.737049210716535,16.94628773164402,16.94628773164402,0.008930471529477457,0.008930471529477457,0.008930471529477457,0.008930471529477457,0.008930471529477457,0.008930471529477457,0.0,0.0,0.0,16.955218203173498
2023-02-07,16.942303541602506,6.304868624316829,25.34344158195797,16.942303541602506,16.942303541602506,-1.075931474104863,-1.075931474104863,-1.075931474104863,-1.075931474104863,-1.075931474104863,-1.075931474104863,0.0,0.0,0.0,15.866372067497643
2023-02-08,16.93831935156099,8.176584487415452,27.18524788300752,16.93831935156099,16.93831935156099,0.7845770976492173,0.7845770976492173,0.7845770976492173,0.7845770976492173,0.7845770976492173,0.7845770976492173,0.0,0.0,0.0,17.722896449210207
2023-02-09,16.93433516151947,8.204208954727925,28.23220980239779,16.93433516151947,16.93433516151947,1.0391136000038035,1.0391136000038035,1.0391136000038035,1.0391136000038035,1.0391136000038035,1.0391136000038035,0.0,0.0,0.0,17.973448761523272
2023-02-10,16.930350971477953,8.951096250002829,28.1417009350188,16.930350971477953,16.930350971477953,1.158243195123759,1.158243195123759,1.158243195123759,1.158243195123759,1.158243195123759,1.158243195123759,0.0,0.0,0.0,18.088594166601712
2023-02-11,16.92636678143644,7.689579381654322,26.36221535463173,16.92636678143644,16.92636678143644,-0.28548448237854146,-0.28548448237854146,-0.28548448237854146,-0.28548448237854146,-0.28548448237854146,-0.28548448237854146,0.0,0.0,0.0,16.640882299057896
2023-02-12,16.92238259139492,6.155443363718701,24.919106772331354,16.92238259139492,16.92238259139492,-1.6294484078175164,-1.6294484078175164,-1.6294484078175164,-1.6294484078175164,-1.6294484078175164,-1.6294484078175164,0.0,0.0,0.0,15.292934183577405
2023-02-13,16.918398401353404,7.392203380386794,26.885386481093136,16.918398401353404,16.918398401353404,0.00893047153014706,0.00893047153014706,0.00893047153014706,0.00893047153014706,0.00893047153014706,0.00893047153014706,0.0,0.0,0.0,16.92732887288355
2023-02-14,16.91441421131189,5.731285562621259,25.001937739816,16.91441421131189,16.91441421131189,-1.0759314741031316,-1.0759314741031316,-1.0759314741031316,-1.0759314741031316,-1.0759314741031316,-1.0759314741031316,0.0,0.0,0.0,15.838482737208757
2023-02-15,16.910430021270372,8.176714848801435,27.48721632556742,16.910430021270372,16.910430021270372,0.784577097646652,0.784577097646652,0.784577097646652,0.784577097646652,0.784577097646652,0.784577097646652,0.0,0.0,0.0,17.695007118917022
2023-02-16,16.906445831228854,8.618924359391764,28.037584196414052,16.906445831228854,16.906445831228854,1.0391136000010648,1.0391136000010648,1.0391136000010648,1.0391136000010648,1.0391136000010648,1.0391136000010648,0.0,0.0,0.0,17.94555943122992
2023-02-17,16.902461641882187,8.882082200305586,27.88842432252674,16.902461641882187,16.902461641882187,1.158243195121674,1.158243195121674,1.158243195121674,1.158243195121674,1.158243195121674,1.158243195121674,0.0,0.0,0.0,18.06070483700386
2023-02-18,16.898477452535516,6.661449387156534,26.33674334718251,16.898477452535516,16.898477452535516,-0.28548448238316404,-0.28548448238316404,-0.28548448238316404,-0.28548448238316404,-0.28548448238316404,-0.28548448238316404,0.0,0.0,0.0,16.61299297015235
2023-02-19,16.89449326318885,4.504453431752153,25.312501931529823,16.89449326318885,16.89449326318885,-1.6294484078147444,-1.6294484078147444,-1.6294484078147444,-1.6294484078147444,-1.6294484078147444,-1.6294484078147444,0.0,0.0,0.0,15.265044855374105
2023-02-20,16.89050907384218,7.065633717150013,26.76365339747178,16.89050907384218,16.89050907384218,0.008930471530816525,0.008930471530816525,0.008930471530816525,0.008930471530816525,0.008930471530816525,0.008930471530816525,0.0,0.0,0.0,16.899439545372996
2023-02-21,16.886524884495508,5.428005936716251,25.36571193613608,16.886524884495508,16.886524884495508,-1.075931474103535,-1.075931474103535,-1.075931474103535,-1.075931474103535,-1.075931474103535,-1.075931474103535,0.0,0.0,0.0,15.810593410391972
2023-02-22,16.88254069514884,7.406074772782949,28.186109918011987,16.88254069514884,16.88254069514884,0.7845770976496135,0.7845770976496135,0.7845770976496135,0.7845770976496135,0.7845770976496135,0.7845770976496135,0.0,0.0,0.0,17.667117792798454
2023-02-23,16.878556505802173,7.179615164447814,27.222073165704973,16.878556505802173,16.878556505802173,1.0391135999995211,1.0391135999995211,1.0391135999995211,1.0391135999995211,1.0391135999995211,1.0391135999995211,0.0,0.0,0.0,17.917670105801694
2023-02-24,16.874572316455502,8.250054437349176,28.162080212053738,16.874572316455502,16.874572316455502,1.1582431951248935,1.1582431951248935,1.1582431951248935,1.1582431951248935,1.1582431951248935,1.1582431951248935,0.0,0.0,0.0,18.032815511580395
2023-02-25,16.87058812710883,6.368823972563368,26.791829922223855,16.87058812710883,16.87058812710883,-0.28548448237856505,-0.28548448237856505,-0.28548448237856505,-0.28548448237856505,-0.28548448237856505,-0.28548448237856505,0.0,0.0,0.0,16.585103644730268
2023-02-26,16.866603937762164,5.260108362791829,24.631789092749322,16.866603937762164,16.866603937762164,-1.6294484078187343,-1.6294484078187343,-1.6294484078187343,-1.6294484078187343,-1.6294484078187343,-1.6294484078187343,0.0,0.0,0.0,15.23715552994343
2023-02-27,16.862619748415494,6.873694823334598,27.045681062974424,16.862619748415494,16.862619748415494,0.008930471530004952,0.008930471530004952,0.008930471530004952,0.008930471530004952,0.008930471530004952,0.008930471530004952,0.0,0.0,0.0,16.871550219945497
2023-02-28,16.858635559068826,6.580388976894153,25.86323842232242,16.858635559068826,16.858635559068826,-1.0759314741040313,-1.0759314741040313,-1.0759314741040313,-1.0759314741040313,-1.0759314741040313,-1.0759314741040313,0.0,0.0,0.0,15.782704084964795
2023-03-01,16.854651370069103,8.246827490474416,27.644378034081694,16.854651370069103,16.854651370069103,0.7845770976525748,0.7845770976525748,0.7845770976525748,0.7845770976525748,0.7845770976525748,0.7845770976525748,0.0,0.0,0.0,17.63922846772168
2023-03-02,16.850667181069376,8.266156075977577,27.917501316388762,16.850667181069376,16.850667181069376,1.0391135999967827,1.0391135999967827,1.0391135999967827,1.0391135999967827,1.0391135999967827,1.0391135999967827,0.0,0.0,0.0,17.889780781066158
2023-03-03,16.846682992069653,7.807562818966345,28.54981107777233,16.846682992069653,16.846682992069653,1.1582431951228087,1.1582431951228087,1.1582431951228087,1.1582431951228087,1.1582431951228087,1.1582431951228087,0.0,0.0,0.0,18.00492618719246
2023-03-04,16.84269880306993,7.214379359406828,26.788477680869004,16.84269880306993,16.84269880306993,-0.2854844823831875,-0.2854844823831875,-0.2854844823831875,-0.2854844823831875,-0.2854844823831875,-0.2854844823831875,0.0,0.0,0.0,16.557214320686743
2023-03-05,16.838714614070206,5.258742136943606,25.255109599558168,16.838714614070206,16.838714614070206,-1.6294484078159621,-1.6294484078159621,-1.6294484078159621,-1.6294484078159621,-1.6294484078159621,-1.6294484078159621,0.0,0.0,0.0,15.209266206254243
2023-03-06,16.834730425070482,7.133041820864229,26.477685876720216,16.834730425070482,16.834730425070482,0.008930471528843797,0.008930471528843797,0.008930471528843797,0.008930471528843797,0.008930471528843797,0.008930471528843797,0.0,0.0,0.0,16.843660896599324
2023-03-07,16.83074623607076,5.6488127930020875,26.095507166506792,16.83074623607076,16.83074623607076,-1.075931474104435,-1.075931474104435,-1.075931474104435,-1.075931474104435,-1.075931474104435,-1.075931474104435,0.0,0.0,0.0,15.754814761966324
2023-03-08,16.826762047071032,7.557349728965931,27.422557695291957,16.826762047071032,16.826762047071032,0.7845770976500094,0.7845770976500094,0.7845770976500094,0.7845770976500094,0.7845770976500094,0.7845770976500094,0.0,0.0,0.0,17.61133914472104
2023-03-09,16.82277785807131,7.415618788627414,28.157153953000627,16.82277785807131,16.82277785807131,1.0391136000025805,1.0391136000025805,1.0391136000025805,1.0391136000025805,1.0391136000025805,1.0391136000025805,0.0,0.0,0.0,17.861891458073888
2023-03-10,16.81879366907158,7.970967419268556,27.9298848368063,16.81879366907158,16.81879366907158,1.158243195120724,1.158243195120724,1.158243195120724,1.158243195120724,1.158243195120724,1.158243195120724,0.0,0.0,0.0,17.977036864192307
2023-03-11,16.814809480071858,6.291669472594633,27.24233541919138,16.814809480071858,16.814809480071858,-0.285484482377354,-0.285484482377354,-0.285484482377354,-0.285484482377354,-0.285484482377354,-0.285484482377354,0.0,0.0,0.0,16.529324997694506
2023-03-12,16.810825290975526,4.894783303709076,25.50902680083263,16.810825290975526,16.810825290975526,-1.62944840781319,-1.62944840781319,-1.62944840781319,-1.62944840781319,-1.62944840781319,-1.62944840781319,0.0,0.0,0.0,15.181376883162336
2023-03-13,16.806841101879193,6.180467181473363,26.58384548216168,16.806841101879193,16.806841101879193,0.00893047152951354,0.00893047152951354,0.00893047152951354,0.00893047152951354,0.00893047152951354,0.00893047152951354,0.0,0.0,0.0,16.815771573408707
2023-03-14,16.80285691278286,5.882070190362466,25.84663434340124,16.80285691278286,16.80285691278286,-1.075931474104127,-1.075931474104127,-1.075931474104127,-1.075931474104127,-1.075931474104127,-1.075931474104127,0.0,0.0,0.0,15.726925438678734
2023-03-15,16.798872723686525,6.906505629519478,28.253121728732555,16.798872723686525,16.798872723686525,0.7845770976529709,0.7845770976529709,0.7845770976529709,0.7845770976529709,0.7845770976529709,0.7845770976529709,0.0,0.0,0.0,17.583449821339496
2023-03-16,16.794888534590193,7.183887172670793,27.598828754576644,16.794888534590193,16.794888534590193,1.0391135999998418,1.0391135999998418,1.0391135999998418,1.0391135999998418,1.0391135999998418,1.0391135999998418,0.0,0.0,0.0,17.834002134590033
2023-03-17,16.790904345493857,7.890065290880903,27.54093293361909,16.790904345493857,16.790904345493857,1.1582431951186394,1.1582431951186394,1.1582431951186394,1.1582431951186394,1.1582431951186394,1.1582431951186394,0.0,0.0,0.0,17.949147540612497
2023-03-18,16.786920156397525,6.648573440251975,25.667498803528108,16.786920156397525,16.786920156397525,-0.2854844823819765,-0.2854844823819765,-0.2854844823819765,-0.2854844823819765,-0.2854844823819765,-0.2854844823819765,0.0,0.0,0.0,16.501435674015546
2023-03-19,16.782935967301192,5.014742449678717,25.334189836270728,16.782935967301192,16.782935967301192,-1.6294484078171791,-1.6294484078171791,-1.6294484078171791,-1.6294484078171791,-1.6294484078171791,-1.6294484078171791,0.0,0.0,0.0,15.153487559484013
2023-03-20,16.778951778204856,6.834053241740299,26.85575419388497,16.778951778204856,16.778951778204856,0.008930471531664319,0.008930471531664319,0.008930471531664319,0.008930471531664319,0.008930471531664319,0.008930471531664319,0.0,0.0,0.0,16.78788224973652
2023-03-21,16.774967589108524,5.592060167231805,25.227927535473665,16.774967589108524,16.774967589108524,-1.075931474103819,-1.075931474103819,-1.075931474103819,-1.075931474103819,-1.075931474103819,-1.075931474103819,0.0,0.0,0.0,15.699036115004706
2023-03-22,16.770983400012188,8.807785349678415,26.885262774148167,16.770983400012188,16.770983400012188,0.7845770976486138,0.7845770976486138,0.7845770976486138,0.7845770976486138,0.7845770976486138,0.7845770976486138,0.0,0.0,0.0,17.555560497660803
2023-03-23,16.766999210915856,7.331334739501334,27.615369033699768,16.766999210915856,16.766999210915856,1.0391135999971033,1.0391135999971033,1.0391135999971033,1.0391135999971033,1.0391135999971033,1.0391135999971033,0.0,0.0,0.0,17.80611281091296
2023-03-24,16.763015021925163,7.9652141360933095,27.7863007335608,16.763015021925163,16.763015021925163,1.1582431951214818,1.1582431951214818,1.1582431951214818,1.1582431951214818,1.1582431951214818,1.1582431951214818,0.0,0.0,0.0,17.921258217046645
2023-03-25,16.75903083293447,6.471069983182665,26.473649956305625,16.75903083293447,16.75903083293447,-0.2854844823819883,-0.2854844823819883,-0.2854844823819883,-0.2854844823819883,-0.2854844823819883,-0.2854844823819883,0.0,0.0,0.0,16.473546350552482
2023-03-26,16.75504664394378,5.179627961422302,24.327688575296794,16.75504664394378,16.75504664394378,-1.6294484078144071,-1.6294484078144071,-1.6294484078144071,-1.6294484078144071,-1.6294484078144071,-1.6294484078144071,0.0,0.0,0.0,15.12559823612937
2023-03-27,16.751062454953086,6.67372834219736,26.03411196770249,16.751062454953086,16.751062454953086,0.008930471529022127,0.008930471529022127,0.008930471529022127,0.008930471529022127,0.008930471529022127,0.008930471529022127,0.0,0.0,0.0,16.75999292648211
2023-03-28,16.747078265962394,5.571957794419634,26.37113982542236,16.747078265962394,16.747078265962394,-1.0759314741035109,-1.0759314741035109,-1.0759314741035109,-1.0759314741035109,-1.0759314741035109,-1.0759314741035109,0.0,0.0,0.0,15.671146791858883
2023-03-29,16.743094076971698,8.076704203472934,28.076445208965914,16.743094076971698,16.743094076971698,0.7845770976515754,0.7845770976515754,0.7845770976515754,0.7845770976515754,0.7845770976515754,0.7845770976515754,0.0,0.0,0.0,17.527671174623272
2023-03-30,16.739109887981005,7.822128092183871,27.737636467366595,16.739109887981005,16.739109887981005,1.0391135999998282,1.0391135999998282,1.0391135999998282,1.0391135999998282,1.0391135999998282,1.0391135999998282,0.0,0.0,0.0,17.778223487980835
2023-03-31,16.735125698990313,7.76533820417485,27.462083804984957,16.735125698990313,16.735125698990313,1.1582431951144698,1.1582431951144698,1.1582431951144698,1.1582431951144698,1.1582431951144698,1.1582431951144698,0.0,0.0,0.0,17.893368894104782
2023-04-01,16.73114150999962,7.074887911863651,27.094372038238433,16.73114150999962,16.73114150999962,-0.285484482382,-0.285484482382,-0.285484482382,-0.285484482382,-0.285484482382,-0.285484482382,0.0,0.0,0.0,16.44565702761762
2023-04-02,16.727157321008928,4.9325660854163775,24.81988218262868,16.727157321008928,16.727157321008928,-1.6294484078159024,-1.6294484078159024,-1.6294484078159024,-1.6294484078159024,-1.6294484078159024,-1.6294484078159024,0.0,0.0,0.0,15.097708913193026
2023-04-03,16.723173132018236,7.193066543920702,27.48245157149192,16.723173132018236,16.723173132018236,0.008930471529691592,0.008930471529691592,0.008930471529691592,0.008930471529691592,0.008930471529691592,0.008930471529691592,0.0,0.0,0.0,16.732103603547927
2023-04-04,16.719188943574398,5.830750781228015,25.590824718346287,16.719188943574398,16.719188943574398,-1.0759314741039145,-1.0759314741039145,-1.0759314741039145,-1.0759314741039145,-1.0759314741039145,-1.0759314741039145,0.0,0.0,0.0,15.643257469470484
2023-04-05,16.715204755130564,6.890552421671136,27.169126465909343,16.715204755130564,16.715204755130564,0.7845770976517732,0.7845770976517732,0.7845770976517732,0.7845770976517732,0.7845770976517732,0.7845770976517732,0.0,0.0,0.0,17.499781852782338
2023-04-06,16.711220566686734,8.373358118278219,28.08249198501112,16.711220566686734,16.711220566686734,1.0391135999970895,1.0391135999970895,1.0391135999970895,1.0391135999970895,1.0391135999970895,1.0391135999970895,0.0,0.0,0.0,17.750334166683825
2023-04-07,16.7072363782429,7.497813761894678,28.644474861416278,16.7072363782429,16.7072363782429,1.1582431951226164,1.1582431951226164,1.1582431951226164,1.1582431951226164,1.1582431951226164,1.1582431951226164,0.0,0.0,0.0,17.865479573365516
2023-04-08,16.703252189799066,6.392565609230111,26.503929363008044,16.703252189799066,16.703252189799066,-0.2854844823820118,-0.2854844823820118,-0.2854844823820118,-0.2854844823820118,-0.2854844823820118,-0.2854844823820118,0.0,0.0,0.0,16.417767707417056
2023-04-09,16.699268001355232,5.310992095786335,25.54410569987686,16.699268001355232,16.699268001355232,-1.6294484078165112,-1.6294484078165112,-1.6294484078165112,-1.6294484078165112,-1.6294484078165112,-1.6294484078165112,0.0,0.0,0.0,15.069819593538721
2023-04-10,16.6952838129114,6.559438329733377,26.76401018381308,16.6952838129114,16.6952838129114,0.008930471528880018,0.008930471528880018,0.008930471528880018,0.008930471528880018,0.008930471528880018,0.008930471528880018,0.0,0.0,0.0,16.70421428444028
2023-04-11,16.691299624467565,5.506192641422395,25.153153296941507,16.691299624467565,16.691299624467565,-1.075931474102895,-1.075931474102895,-1.075931474102895,-1.075931474102895,-1.075931474102895,-1.075931474102895,0.0,0.0,0.0,15.61536815036467
2023-04-12,16.68731543602373,7.1575973264819215,27.096116206956903,16.68731543602373,16.68731543602373,0.7845770976519715,0.7845770976519715,0.7845770976519715,0.7845770976519715,0.7845770976519715,0.7845770976519715,0.0,0.0,0.0,17.471892533675703
2023-04-13,16.683331247579897,7.281222432669906,27.591425105158525,16.683331247579897,16.683331247579897,1.0391136000028873,1.0391136000028873,1.0391136000028873,1.0391136000028873,1.0391136000028873,1.0391136000028873,0.0,0.0,0.0,17.722444847582786
2023-04-14,16.679347059136063,8.354475002955754,27.762787435581078,16.679347059136063,16.679347059136063,1.1582431951205316,1.1582431951205316,1.1582431951205316,1.1582431951205316,1.1582431951205316,1.1582431951205316,0.0,0.0,0.0,17.837590254256593
2023-04-15,16.67536287069223,6.315972715825382,26.24368041910416,16.67536287069223,16.67536287069223,-0.2854844823866343,-0.2854844823866343,-0.2854844823866343,-0.2854844823866343,-0.2854844823866343,-0.2854844823866343,0.0,0.0,0.0,16.389878388305593
2023-04-16,16.67137868254795,4.929870659119623,24.384907189677918,16.67137868254795,16.67137868254795,-1.6294484078171196,-1.6294484078171196,-1.6294484078171196,-1.6294484078171196,-1.6294484078171196,-1.6294484078171196,0.0,0.0,0.0,15.04193027473083
2023-04-17,16.66739449440367,7.077186261865328,27.513480368735163,16.66739449440367,16.66739449440367,0.008930471528068029,0.008930471528068029,0.008930471528068029,0.008930471528068029,0.008930471528068029,0.008930471528068029,0.0,0.0,0.0,16.676324965931737
2023-04-18,16.663410306259394,5.643971203537104,25.499494230869274,16.663410306259394,16.663410306259394,-1.0759314741041026,-1.0759314741041026,-1.0759314741041026,-1.0759314741041026,-1.0759314741041026,-1.0759314741041026,0.0,0.0,0.0,15.587478832155291
2023-04-19,16.659426118115114,7.450738831994526,27.176041656688405,16.659426118115114,16.659426118115114,0.7845770976521693,0.7845770976521693,0.7845770976521693,0.7845770976521693,0.7845770976521693,0.7845770976521693,0.0,0.0,0.0,17.44400321576728
2023-04-20,16.655441929970834,7.7283634142479425,27.450674407514885,16.655441929970834,16.655441929970834,1.0391136000001486,1.0391136000001486,1.0391136000001486,1.0391136000001486,1.0391136000001486,1.0391136000001486,0.0,0.0,0.0,17.694555529970984
2023-04-21,16.651457741826555,8.736235207916145,28.37117739729978,16.651457741826555,16.651457741826555,1.1582431951233743,1.1582431951233743,1.1582431951233743,1.1582431951233743,1.1582431951233743,1.1582431951233743,0.0,0.0,0.0,17.80970093694993
2023-04-22,16.64747355368228,6.25353344576619,26.70554829249373,16.64747355368228,16.64747355368228,-0.2854844823820352,-0.2854844823820352,-0.2854844823820352,-0.2854844823820352,-0.2854844823820352,-0.2854844823820352,0.0,0.0,0.0,16.361989071300243
2023-04-23,16.643489365538,5.054265846979923,24.973826675378834,16.643489365538,16.643489365538,-1.6294484078186144,-1.6294484078186144,-1.6294484078186144,-1.6294484078186144,-1.6294484078186144,-1.6294484078186144,0.0,0.0,0.0,15.014040957719384
2023-04-24,16.639505177393723,6.480268227878987,26.4092282455139,16.639505177393723,16.639505177393723,0.008930471530219086,0.008930471530219086,0.008930471530219086,0.008930471530219086,0.008930471530219086,0.008930471530219086,0.0,0.0,0.0,16.648435648923943
2023-04-25,16.635520989249443,5.847672580668961,26.139200721130553,16.635520989249443,16.635520989249443,-1.0759314741037946,-1.0759314741037946,-1.0759314741037946,-1.0759314741037946,-1.0759314741037946,-1.0759314741037946,0.0,0.0,0.0,15.559589515145648
2023-04-26,16.631536801105163,7.606161688333801,27.129539286271616,16.631536801105163,16.631536801105163,0.7845770976478121,0.7845770976478121,0.7845770976478121,0.7845770976478121,0.7845770976478121,0.7845770976478121,0.0,0.0,0.0,17.416113898752975
2023-04-27,16.627552613621532,8.093922855632114,27.33840456456149,16.627552613621532,16.627552613621532,1.0391136000016783,1.0391136000016783,1.0391136000016783,1.0391136000016783,1.0391136000016783,1.0391136000016783,0.0,0.0,0.0,17.66666621362321
2023-04-28,16.623568426137894,7.700659341723775,27.825863328735874,16.623568426137894,16.623568426137894,1.1582431951262173,1.1582431951262173,1.1582431951262173,1.1582431951262173,1.1582431951262173,1.1582431951262173,0.0,0.0,0.0,17.78181162126411
2023-04-29,16.619584238654255,6.291674686348498,26.743894858275517,16.619584238654255,16.619584238654255,-0.28548448238081253,-0.28548448238081253,-0.28548448238081253,-0.28548448238081253,-0.28548448238081253,-0.28548448238081253,0.0,0.0,0.0,16.334099756273442
2023-04-30,16.615600051170624,6.0491607099894695,25.384617731588904,16.615600051170624,16.615600051170624,-1.629448407819223,-1.629448407819223,-1.629448407819223,-1.629448407819223,-1.629448407819223,-1.629448407819223,0.0,0.0,0.0,14.9861516433514
2023-05-01,16.611615863686986,6.14412604085968,26.818195336111362,16.611615863686986,16.611615863686986,0.008930471529407374,0.008930471529407374,0.008930471529407374,0.008930471529407374,0.008930471529407374,0.008930471529407374,0.0,0.0,0.0,16.620546335216392
2023-05-02,16.60763167620335,5.536866109120753,25.82699358819925,16.60763167620335,16.60763167620335,-1.0759314741041983,-1.0759314741041983,-1.0759314741041983,-1.0759314741041983,-1.0759314741041983,-1.0759314741041983,0.0,0.0,0.0,15.531700202099152
2023-05-03,16.603647488719716,7.576993151423183,27.916554874559218,16.603647488719716,16.603647488719716,0.7845770976480102,0.7845770976480102,0.7845770976480102,0.7845770976480102,0.7845770976480102,0.7845770976480102,0.0,0.0,0.0,17.388224586367727
2023-05-04,16.599663301236077,7.781144841431105,26.939122230395892,16.599663301236077,16.599663301236077,1.0391136000001346,1.0391136000001346,1.0391136000001346,1.0391136000001346,1.0391136000001346,1.0391136000001346,0.0,0.0,0.0,17.638776901236213
2023-05-05,16.595679113752443,8.29942588159893,27.29234000869114,16.595679113752443,16.595679113752443,1.158243195119205,1.158243195119205,1.158243195119205,1.158243195119205,1.158243195119205,1.158243195119205,0.0,0.0,0.0,17.753922308871648
2023-05-06,16.591694926268808,6.432358443736097,26.500432477114522,16.591694926268808,16.591694926268808,-0.2854844823808243,-0.2854844823808243,-0.2854844823808243,-0.2854844823808243,-0.2854844823808243,-0.2854844823808243,0.0,0.0,0.0,16.306210443887984
2023-05-07,16.58771073878517,5.399871829350612,24.585199471468943,16.58771073878517,16.58771073878517,-1.6294484078164513,-1.6294484078164513,-1.6294484078164513,-1.6294484078164513,-1.6294484078164513,-1.6294484078164513,0.0,0.0,0.0,14.958262330968719
2023-05-08,16.583726551301535,6.710915127027948,26.109645320341787,16.583726551301535,16.583726551301535,0.008930471530076839,0.008930471530076839,0.008930471530076839,0.008930471530076839,0.008930471530076839,0.008930471530076839,0.0,0.0,0.0,16.592657022831613
2023-05-09,16.579742363675656,5.373831264927618,25.26267516632993,16.579742363675656,16.579742363675656,-1.0759314741046018,-1.0759314741046018,-1.0759314741046018,-1.0759314741046018,-1.0759314741046018,-1.0759314741046018,0.0,0.0,0.0,15.503810889571055
2023-05-10,16.575758176049785,6.802199314397685,27.40256941828113,16.575758176049785,16.575758176049785,0.7845770976509718,0.7845770976509718,0.7845770976509718,0.7845770976509718,0.7845770976509718,0.7845770976509718,0.0,0.0,0.0,17.360335273700755
2023-05-11,16.571773988423907,7.858886269486364,27.165690885461384,16.571773988423907,16.571773988423907,1.0391136000016643,1.0391136000016643,1.0391136000016643,1.0391136000016643,1.0391136000016643,1.0391136000016643,0.0,0.0,0.0,17.61088758842557
2023-05-12,16.567789800798035,7.813502026713555,27.931879340175236,16.567789800798035,16.567789800798035,1.1582431951220475,1.1582431951220475,1.1582431951220475,1.1582431951220475,1.1582431951220475,1.1582431951220475,0.0,0.0,0.0,17.726032995920082
2023-05-13,16.563805613172157,6.527711552850169,25.678790557530636,16.563805613172157,16.563805613172157,-0.285484482380836,-0.285484482380836,-0.285484482380836,-0.285484482380836,-0.285484482380836,-0.285484482380836,0.0,0.0,0.0,16.27832113079132
2023-05-14,16.559821425546282,5.480907899875895,24.739312134744637,16.559821425546282,16.559821425546282,-1.6294484078170597,-1.6294484078170597,-1.6294484078170597,-1.6294484078170597,-1.6294484078170597,-1.6294484078170597,0.0,0.0,0.0,14.930373017729222
2023-05-15,16.555837237920407,7.19180460544991,26.164771019161666,16.555837237920407,16.555837237920407,0.008930471528915823,0.008930471528915823,0.008930471528915823,0.008930471528915823,0.008930471528915823,0.008930471528915823,0.0,0.0,0.0,16.564767709449324
2023-05-16,16.551853050294532,5.590491393477278,25.3364547594092,16.551853050294532,16.551853050294532,-1.0759314741035821,-1.0759314741035821,-1.0759314741035821,-1.0759314741035821,-1.0759314741035821,-1.0759314741035821,0.0,0.0,0.0,15.47592157619095
2023-05-17,16.547868862668654,7.556383122247332,26.63755516232109,16.547868862668654,16.547868862668654,0.7845770976484061,0.7845770976484061,0.7845770976484061,0.7845770976484061,0.7845770976484061,0.7845770976484061,0.0,0.0,0.0,17.33244596031706
2023-05-18,16.543884675042783,8.307675493566292,27.642878474607226,16.543884675042783,16.543884675042783,1.0391135999989258,1.0391135999989258,1.0391135999989258,1.0391135999989258,1.0391135999989258,1.0391135999989258,0.0,0.0,0.0,17.58299827504171
2023-05-19,16.539900487416904,7.927313962663017,28.22908414010854,16.539900487416904,16.539900487416904,1.158243195119963,1.158243195119963,1.158243195119963,1.158243195119963,1.158243195119963,1.158243195119963,0.0,0.0,0.0,17.698143682536866
2023-05-20,16.535916299820677,7.436782410441181,26.53639966842542,16.535916299820677,16.535916299820677,-0.2854844823750024,-0.2854844823750024,-0.2854844823750024,-0.2854844823750024,-0.2854844823750024,-0.2854844823750024,0.0,0.0,0.0,16.250431817445676
2023-05-21,16.53193211222445,4.468528873037183,24.315896576643542,16.53193211222445,16.53193211222445,-1.6294484078142877,-1.6294484078142877,-1.6294484078142877,-1.6294484078142877,-1.6294484078142877,-1.6294484078142877,0.0,0.0,0.0,14.902483704410162
2023-05-22,16.527947924628222,6.5538026060808505,26.207219329435006,16.527947924628222,16.527947924628222,0.008930471529585565,0.008930471529585565,0.008930471529585565,0.008930471529585565,0.008930471529585565,0.008930471529585565,0.0,0.0,0.0,16.536878396157807
2023-05-23,16.52396373703199,5.204172358678461,25.81547367755565,16.52396373703199,16.52396373703199,-1.0759314741039858,-1.0759314741039858,-1.0759314741039858,-1.0759314741039858,-1.0759314741039858,-1.0759314741039858,0.0,0.0,0.0,15.448032262928006
2023-05-24,16.519979549435764,7.321941797030301,27.540808557091655,16.519979549435764,16.519979549435764,0.7845770976513677,0.7845770976513677,0.7845770976513677,0.7845770976513677,0.7845770976513677,0.7845770976513677,0.0,0.0,0.0,17.304556647087132
2023-05-25,16.515995361839536,7.75324657517737,26.872143189020537,16.515995361839536,16.515995361839536,1.0391136000004553,1.0391136000004553,1.0391136000004553,1.0391136000004553,1.0391136000004553,1.0391136000004553,0.0,0.0,0.0,17.55510896183999
2023-05-26,16.51201117424331,7.499977597423852,27.110475918333762,16.51201117424331,16.51201117424331,1.158243195123182,1.158243195123182,1.158243195123182,1.158243195123182,1.158243195123182,1.158243195123182,0.0,0.0,0.0,17.67025436936649
2023-05-27,16.50802698664708,6.209642564746105,26.164282643938044,16.50802698664708,16.50802698664708,-0.2854844823750142,-0.2854844823750142,-0.2854844823750142,-0.2854844823750142,-0.2854844823750142,-0.2854844823750142,0.0,0.0,0.0,16.222542504272067
2023-05-28,16.50404279905085,5.21686230249588,25.13063998886418,16.50404279905085,16.50404279905085,-1.6294484078182772,-1.6294484078182772,-1.6294484078182772,-1.6294484078182772,-1.6294484078182772,-1.6294484078182772,0.0,0.0,0.0,14.874594391232574
2023-05-29,16.500058611454623,5.8505905894021755,26.774877140979378,16.500058611454623,16.500058611454623,0.008930471528773715,0.008930471528773715,0.008930471528773715,0.008930471528773715,0.008930471528773715,0.008930471528773715,0.0,0.0,0.0,16.508989082983398
2023-05-30,16.496074423858392,5.423314995377562,25.01697510380198,16.496074423858392,16.496074423858392,-1.0759314741037704,-1.0759314741037704,-1.0759314741037704,-1.0759314741037704,-1.0759314741037704,-1.0759314741037704,0.0,0.0,0.0,15.420142949754622
2023-05-31,16.492090236262165,7.4604717873270125,27.269152513279167,16.492090236262165,16.492090236262165,0.7845770976470106,0.7845770976470106,0.7845770976470106,0.7845770976470106,0.7845770976470106,0.7845770976470106,0.0,0.0,0.0,17.276667333909174
2023-06-01,16.488106048543663,8.16237972421316,27.636689640309196,16.488106048543663,16.488106048543663,1.0391135999977168,1.0391135999977168,1.0391135999977168,1.0391135999977168,1.0391135999977168,1.0391135999977168,0.0,0.0,0.0,17.52721964854138
2023-06-02,16.484121860825166,7.294308739295228,27.813051082149794,16.484121860825166,16.484121860825166,1.1582431951210972,1.1582431951210972,1.1582431951210972,1.1582431951210972,1.1582431951210972,1.1582431951210972,0.0,0.0,0.0,17.642365055946264
2023-06-03,16.480137673106665,6.097511069257941,25.690607790235433,16.480137673106665,16.480137673106665,-0.2854844823750259,-0.2854844823750259,-0.2854844823750259,-0.2854844823750259,-0.2854844823750259,-0.2854844823750259,0.0,0.0,0.0,16.19465319073164
2023-06-04,16.476153485388167,5.705354175531643,25.613519975051844,16.476153485388167,16.476153485388167,-1.629448407815505,-1.629448407815505,-1.629448407815505,-1.629448407815505,-1.629448407815505,-1.629448407815505,0.0,0.0,0.0,14.846705077572661
2023-06-05,16.472169297669666,6.284116966132808,26.02197788549565,16.472169297669666,16.472169297669666,0.008930471529443318,0.008930471529443318,0.008930471529443318,0.008930471529443318,0.008930471529443318,0.008930471529443318,0.0,0.0,0.0,16.48109976919911
2023-06-06,16.468185109951165,5.996694184581245,25.487321590477357,16.468185109951165,16.468185109951165,-1.075931474104174,-1.075931474104174,-1.075931474104174,-1.075931474104174,-1.075931474104174,-1.075931474104174,0.0,0.0,0.0,15.392253635846991
2023-06-07,16.464200922232667,7.36611194444016,26.78611766667084,16.464200922232667,16.464200922232667,0.7845770976472086,0.7845770976472086,0.7845770976472086,0.7845770976472086,0.7845770976472086,0.7845770976472086,0.0,0.0,0.0,17.248778019879875
2023-06-08,16.460216734514166,7.321133856499024,27.394057312851547,16.460216734514166,16.460216734514166,1.0391136000035144,1.0391136000035144,1.0391136000035144,1.0391136000035144,1.0391136000035144,1.0391136000035144,0.0,0.0,0.0,17.49933033451768
2023-06-09,16.45623254679567,8.438438006069488,27.953589898608964,16.45623254679567,16.45623254679567,1.1582431951190126,1.1582431951190126,1.1582431951190126,1.1582431951190126,1.1582431951190126,1.1582431951190126,0.0,0.0,0.0,17.61447574191468
2023-06-10,16.452248359077167,6.516420543484907,25.78015867277874,16.452248359077167,16.452248359077167,-0.2854844823796486,-0.2854844823796486,-0.2854844823796486,-0.2854844823796486,-0.2854844823796486,-0.2854844823796486,0.0,0.0,0.0,16.16676387669752
2023-06-11,16.448264171358666,5.217978654230476,24.99399613900892,16.448264171358666,16.448264171358666,-1.629448407817,-1.629448407817,-1.629448407817,-1.629448407817,-1.629448407817,-1.629448407817,0.0,0.0,0.0,14.818815763541666
2023-06-12,16.44427998373536,6.858443214921647,26.313764905885076,16.44427998373536,16.44427998373536,0.008930471528631884,0.008930471528631884,0.008930471528631884,0.008930471528631884,0.008930471528631884,0.008930471528631884,0.0,0.0,0.0,16.453210455263992
2023-06-13,16.44029579611205,5.18830802202658,25.30528262389874,16.44029579611205,16.44029579611205,-1.075931474103866,-1.075931474103866,-1.075931474103866,-1.075931474103866,-1.075931474103866,-1.075931474103866,0.0,0.0,0.0,15.364364322008184
2023-06-14,16.436311608488744,7.031884728351095,27.227651078126094,16.436311608488744,16.436311608488744,0.7845770976474065,0.7845770976474065,0.7845770976474065,0.7845770976474065,0.7845770976474065,0.7845770976474065,0.0,0.0,0.0,17.22088870613615
2023-06-15,16.432327420865434,7.046193458142233,28.33748220287795,16.432327420865434,16.432327420865434,1.039113600000776,1.039113600000776,1.039113600000776,1.039113600000776,1.039113600000776,1.039113600000776,0.0,0.0,0.0,17.47144102086621
2023-06-16,16.428343233242128,7.68578720241576,27.062931859259518,16.428343233242128,16.428343233242128,1.1582431951222318,1.1582431951222318,1.1582431951222318,1.1582431951222318,1.1582431951222318,1.1582431951222318,0.0,0.0,0.0,17.58658642836436
2023-06-17,16.424359045618818,6.617525556945338,25.22970044307187,16.424359045618818,16.424359045618818,-0.28548448238427104,-0.28548448238427104,-0.28548448238427104,-0.28548448238427104,-0.28548448238427104,-0.28548448238427104,0.0,0.0,0.0,16.13887456323455
2023-06-18,16.42037485799551,4.185879077633574,25.020057733800442,16.42037485799551,16.42037485799551,-1.6294484078176086,-1.6294484078176086,-1.6294484078176086,-1.6294484078176086,-1.6294484078176086,-1.6294484078176086,0.0,0.0,0.0,14.790926450177903
2023-06-19,16.416390670372202,6.64670792246828,26.525580068314163,16.416390670372202,16.416390670372202,0.008930471530782524,0.008930471530782524,0.008930471530782524,0.008930471530782524,0.008930471530782524,0.008930471530782524,0.0,0.0,0.0,16.425321141902984
2023-06-21,16.408422295125582,7.612055575543506,27.798729300389237,16.408422295125582,16.408422295125582,0.7845770976503683,0.7845770976503683,0.7845770976503683,0.7845770976503683,0.7845770976503683,0.7845770976503683,0.0,0.0,0.0,17.192999392775953
2023-06-22,16.404438107502276,7.143830314351278,27.28158003134371,16.404438107502276,16.404438107502276,1.0391135999992325,1.0391135999992325,1.0391135999992325,1.0391135999992325,1.0391135999992325,1.0391135999992325,0.0,0.0,0.0,17.44355170750151
2023-06-23,16.400453919878967,7.94157376242728,26.97452606372301,16.400453919878967,16.400453919878967,1.1582431951250745,1.1582431951250745,1.1582431951250745,1.1582431951250745,1.1582431951250745,1.1582431951250745,0.0,0.0,0.0,17.55869711500404
2023-06-24,16.39646973225566,6.3770020604269515,26.041135670184303,16.39646973225566,16.39646973225566,-0.28548448238428287,-0.28548448238428287,-0.28548448238428287,-0.28548448238428287,-0.28548448238428287,-0.28548448238428287,0.0,0.0,0.0,16.110985249871376
2023-06-25,16.392485425404878,4.367114240624688,24.898999322696405,16.392485425404878,16.392485425404878,-1.6294484078182174,-1.6294484078182174,-1.6294484078182174,-1.6294484078182174,-1.6294484078182174,-1.6294484078182174,0.0,0.0,0.0,14.763037017586662
2023-06-26,16.3885011185541,6.143349824342339,27.23945577890255,16.3885011185541,16.3885011185541,0.008930471529621647,0.008930471529621647,0.008930471529621647,0.008930471529621647,0.008930471529621647,0.008930471529621647,0.0,0.0,0.0,16.39743159008372
2023-06-27,16.384516811703318,5.454983608627768,25.615624089400786,16.384516811703318,16.384516811703318,-1.0759314741040542,-1.0759314741040542,-1.0759314741040542,-1.0759314741040542,-1.0759314741040542,-1.0759314741040542,0.0,0.0,0.0,15.308585337599263
2023-06-28,16.380532504852535,6.6468334446226445,26.207256069268844,16.380532504852535,16.380532504852535,0.7845770976533297,0.7845770976533297,0.7845770976533297,0.7845770976533297,0.7845770976533297,0.7845770976533297,0.0,0.0,0.0,17.165109602505865
2023-06-29,16.376548198001757,7.089806058501572,27.25025046698217,16.376548198001757,16.376548198001757,1.039113600000762,1.039113600000762,1.039113600000762,1.039113600000762,1.039113600000762,1.039113600000762,0.0,0.0,0.0,17.415661798002517
2023-06-30,16.372563891150975,7.561292147813005,26.73942425333,16.372563891150975,16.372563891150975,1.1582431951180623,1.1582431951180623,1.1582431951180623,1.1582431951180623,1.1582431951180623,1.1582431951180623,0.0,0.0,0.0,17.530807086269036
2023-07-01,16.368579584300196,6.3040444498999495,25.800383789989304,16.368579584300196,16.368579584300196,-0.2854844823842944,-0.2854844823842944,-0.2854844823842944,-0.2854844823842944,-0.2854844823842944,-0.2854844823842944,0.0,0.0,0.0,16.0830951019159
2023-07-02,16.364595277449414,4.518754438594423,24.45879302748943,16.364595277449414,16.364595277449414,-1.6294484078154454,-1.6294484078154454,-1.6294484078154454,-1.6294484078154454,-1.6294484078154454,-1.6294484078154454,0.0,0.0,0.0,14.735146869633969
2023-07-03,16.360610970598632,6.094747986083253,27.00989317133048,16.360610970598632,16.360610970598632,0.00893047153029125,0.00893047153029125,0.00893047153029125,0.00893047153029125,0.00893047153029125,0.00893047153029125,0.0,0.0,0.0,16.369541442128924
2023-07-04,16.356626663747853,5.233341961513068,25.624624664630872,16.356626663747853,16.356626663747853,-1.0759314741044577,-1.0759314741044577,-1.0759314741044577,-1.0759314741044577,-1.0759314741044577,-1.0759314741044577,0.0,0.0,0.0,15.280695189643396
2023-07-05,16.35264235689707,6.747345605188861,27.04604422500232,16.35264235689707,16.35264235689707,0.7845770976535277,0.7845770976535277,0.7845770976535277,0.7845770976535277,0.7845770976535277,0.7845770976535277,0.0,0.0,0.0,17.1372194545506
2023-07-06,16.348658049769977,6.796213782624367,27.869554926300445,16.348658049769977,16.348658049769977,1.0391136000022916,1.0391136000022916,1.0391136000022916,1.0391136000022916,1.0391136000022916,1.0391136000022916,0.0,0.0,0.0,17.38777164977227
2023-07-07,16.344673742642883,8.043532705332824,27.843485282150425,16.344673742642883,16.344673742642883,1.1582431951209051,1.1582431951209051,1.1582431951209051,1.1582431951209051,1.1582431951209051,1.1582431951209051,0.0,0.0,0.0,17.50291693776379
2023-07-08,16.340689435515788,6.302644997499248,26.71388399832352,16.340689435515788,16.340689435515788,-0.28548448237846097,-0.28548448237846097,-0.28548448237846097,-0.28548448237846097,-0.28548448237846097,-0.28548448237846097,0.0,0.0,0.0,16.055204953137327
2023-07-09,16.33670512838869,4.6915150254501405,23.727966379284442,16.33670512838869,16.33670512838869,-1.629448407812673,-1.629448407812673,-1.629448407812673,-1.629448407812673,-1.629448407812673,-1.629448407812673,0.0,0.0,0.0,14.707256720576018
2023-07-10,16.332720821261596,6.643295339440943,26.006767265286875,16.332720821261596,16.332720821261596,0.008930471529479539,0.008930471529479539,0.008930471529479539,0.008930471529479539,0.008930471529479539,0.008930471529479539,0.0,0.0,0.0,16.341651292791074
2023-07-11,16.3287365141345,4.898504215775488,25.174218488944767,16.3287365141345,16.3287365141345,-1.075931474103438,-1.075931474103438,-1.075931474103438,-1.075931474103438,-1.075931474103438,-1.075931474103438,0.0,0.0,0.0,15.252805040031063
2023-07-12,16.324752207007407,6.497276802682648,26.963807790600022,16.324752207007407,16.324752207007407,0.7845770976537257,0.7845770976537257,0.7845770976537257,0.7845770976537257,0.7845770976537257,0.7845770976537257,0.0,0.0,0.0,17.109329304661134
2023-07-13,16.32076789988031,7.286905217199798,27.943123605736382,16.32076789988031,16.32076789988031,1.0391136000007481,1.0391136000007481,1.0391136000007481,1.0391136000007481,1.0391136000007481,1.0391136000007481,0.0,0.0,0.0,17.359881499881055
2023-07-14,16.316783592753218,7.352514837896388,27.664765187125575,16.316783592753218,16.316783592753218,1.1582431951188201,1.1582431951188201,1.1582431951188201,1.1582431951188201,1.1582431951188201,1.1582431951188201,0.0,0.0,0.0,17.47502678787204
2023-07-15,16.31279928562612,6.036929142986217,25.443015446243688,16.31279928562612,16.31279928562612,-0.28548448238308355,-0.28548448238308355,-0.28548448238308355,-0.28548448238308355,-0.28548448238308355,-0.28548448238308355,0.0,0.0,0.0,16.027314803243037
2023-07-16,16.308814978499026,4.800143129261907,24.95173263536272,16.308814978499026,16.308814978499026,-1.629448407813282,-1.629448407813282,-1.629448407813282,-1.629448407813282,-1.629448407813282,-1.629448407813282,0.0,0.0,0.0,14.679366570685744
2023-07-17,16.30483067137193,6.571172270147102,26.38334744114438,16.30483067137193,16.30483067137193,0.008930471530149142,0.008930471530149142,0.008930471530149142,0.008930471530149142,0.008930471530149142,0.008930471530149142,0.0,0.0,0.0,16.31376114290208
2023-07-18,16.30084636389265,5.285474356164432,24.996421459743082,16.30084636389265,16.30084636389265,-1.0759314741038417,-1.0759314741038417,-1.0759314741038417,-1.0759314741038417,-1.0759314741038417,-1.0759314741038417,0.0,0.0,0.0,15.224914889788808
2023-07-19,16.296862056413367,7.515989889047527,27.335719034732357,16.296862056413367,16.296862056413367,0.7845770976493687,0.7845770976493687,0.7845770976493687,0.7845770976493687,0.7845770976493687,0.7845770976493687,0.0,0.0,0.0,17.081439154062735
2023-07-20,16.292877748934085,7.1664760753666314,27.075835971534534,16.292877748934085,16.292877748934085,1.039113600002278,1.039113600002278,1.039113600002278,1.039113600002278,1.039113600002278,1.039113600002278,0.0,0.0,0.0,17.331991348936363
2023-07-21,16.288893441454803,7.667162945887036,27.196660321495358,16.288893441454803,16.288893441454803,1.1582431951216632,1.1582431951216632,1.1582431951216632,1.1582431951216632,1.1582431951216632,1.1582431951216632,0.0,0.0,0.0,17.447136636576467
2023-07-22,16.28490913397552,6.180941613954168,26.185229756891495,16.28490913397552,16.28490913397552,-0.2854844823784845,-0.2854844823784845,-0.2854844823784845,-0.2854844823784845,-0.2854844823784845,-0.2854844823784845,0.0,0.0,0.0,15.999424651597037
2023-07-23,16.28092482649624,5.365419558144306,24.009187808109,16.28092482649624,16.28092482649624,-1.6294484078215388,-1.6294484078215388,-1.6294484078215388,-1.6294484078215388,-1.6294484078215388,-1.6294484078215388,0.0,0.0,0.0,14.6514764186747
2023-07-24,16.276940519016957,6.246729013561886,26.48379239732837,16.276940519016957,16.276940519016957,0.008930471528988126,0.008930471528988126,0.008930471528988126,0.008930471528988126,0.008930471528988126,0.008930471528988126,0.0,0.0,0.0,16.285870990545945
2023-07-25,16.272956211537675,5.238684338947133,24.704424554462808,16.272956211537675,16.272956211537675,-1.075931474103534,-1.075931474103534,-1.075931474103534,-1.075931474103534,-1.075931474103534,-1.075931474103534,0.0,0.0,0.0,15.197024737434141
2023-07-26,16.268971904058393,6.97818476947129,26.626107775560328,16.268971904058393,16.268971904058393,0.7845770976523301,0.7845770976523301,0.7845770976523301,0.7845770976523301,0.7845770976523301,0.7845770976523301,0.0,0.0,0.0,17.053549001710724
2023-07-27,16.26498759657911,7.2636504306475995,27.288075311609507,16.26498759657911,16.26498759657911,1.0391135999995393,1.0391135999995393,1.0391135999995393,1.0391135999995393,1.0391135999995393,1.0391135999995393,0.0,0.0,0.0,17.30410119657865
2023-07-28,16.261003289099833,7.936225224692381,27.325047173040716,16.261003289099833,16.261003289099833,1.1582431951195784,1.1582431951195784,1.1582431951195784,1.1582431951195784,1.1582431951195784,1.1582431951195784,0.0,0.0,0.0,17.41924648421941
2023-07-29,16.257018980637817,6.329271638673863,26.08274502707889,16.257018980637817,16.257018980637817,-0.28548448238310703,-0.28548448238310703,-0.28548448238310703,-0.28548448238310703,-0.28548448238310703,-0.28548448238310703,0.0,0.0,0.0,15.97153449825471
2023-07-30,16.2530346721758,3.915222760659694,24.433583016383707,16.2530346721758,16.2530346721758,-1.6294484078187665,-1.6294484078187665,-1.6294484078187665,-1.6294484078187665,-1.6294484078187665,-1.6294484078187665,0.0,0.0,0.0,14.623586264357034
2023-07-31,16.249050363713785,7.081597105295206,26.28531117310074,16.249050363713785,16.249050363713785,0.00893047152965773,0.00893047152965773,0.00893047152965773,0.00893047152965773,0.00893047152965773,0.00893047152965773,0.0,0.0,0.0,16.257980835243444
2023-08-01,16.24506605525177,4.756686787052033,25.296921119486136,16.24506605525177,16.24506605525177,-1.0759314741039374,-1.0759314741039374,-1.0759314741039374,-1.0759314741039374,-1.0759314741039374,-1.0759314741039374,0.0,0.0,0.0,15.169134581147832
2023-08-02,16.241081746789753,7.487941806920659,26.59227716766929,16.241081746789753,16.241081746789753,0.7845770976497647,0.7845770976497647,0.7845770976497647,0.7845770976497647,0.7845770976497647,0.7845770976497647,0.0,0.0,0.0,17.02565884443952
2023-08-03,16.237097438327737,6.910536463632171,27.086424179413896,16.237097438327737,16.237097438327737,1.039113600005337,1.039113600005337,1.039113600005337,1.039113600005337,1.039113600005337,1.039113600005337,0.0,0.0,0.0,17.276211038333074
2023-08-04,16.23311312986572,7.12962269838662,26.861701607224383,16.23311312986572,16.23311312986572,1.1582431951227972,1.1582431951227972,1.1582431951227972,1.1582431951227972,1.1582431951227972,1.1582431951227972,0.0,0.0,0.0,17.391356324988518
2023-08-05,16.229128821403705,5.955674598017157,25.333712207830974,16.229128821403705,16.229128821403705,-0.28548448238311874,-0.28548448238311874,-0.28548448238311874,-0.28548448238311874,-0.28548448238311874,-0.28548448238311874,0.0,0.0,0.0,15.943644339020587
2023-08-06,16.22514451294169,4.383694347136388,25.07895555315575,16.22514451294169,16.22514451294169,-1.6294484078159943,-1.6294484078159943,-1.6294484078159943,-1.6294484078159943,-1.6294484078159943,-1.6294484078159943,0.0,0.0,0.0,14.595696105125695
2023-08-07,16.221160204479673,6.3461484102167445,26.35430345321257,16.221160204479673,16.221160204479673,0.008930471528846018,0.008930471528846018,0.008930471528846018,0.008930471528846018,0.008930471528846018,0.008930471528846018,0.0,0.0,0.0,16.23009067600852
2023-08-08,16.217175896017658,5.547499206359418,24.695235668091158,16.217175896017658,16.217175896017658,-1.0759314741036294,-1.0759314741036294,-1.0759314741036294,-1.0759314741036294,-1.0759314741036294,-1.0759314741036294,0.0,0.0,0.0,15.141244421914028
2023-08-09,16.21319158755564,7.375939393845406,27.517125007604996,16.21319158755564,16.21319158755564,0.784577097648171,0.784577097648171,0.784577097648171,0.784577097648171,0.784577097648171,0.784577097648171,0.0,0.0,0.0,16.997768685203813
2023-08-10,16.20920727905193,7.501327061889531,27.29797872293692,16.20920727905193,16.20920727905193,1.0391136000025982,1.0391136000025982,1.0391136000025982,1.0391136000025982,1.0391136000025982,1.0391136000025982,0.0,0.0,0.0,17.24832087905453
2023-08-11,16.20522297054822,7.810629742256216,27.341857234823056,16.20522297054822,16.20522297054822,1.1582431951207128,1.1582431951207128,1.1582431951207128,1.1582431951207128,1.1582431951207128,1.1582431951207128,0.0,0.0,0.0,17.36346616566893
2023-08-12,16.201238662044513,5.518344958779667,25.150881388146225,16.201238662044513,16.201238662044513,-0.28548448238774127,-0.28548448238774127,-0.28548448238774127,-0.28548448238774127,-0.28548448238774127,-0.28548448238774127,0.0,0.0,0.0,15.915754179656773
2023-08-13,16.197254353540803,4.326219391598526,24.363432621312747,16.197254353540803,16.197254353540803,-1.6294484078166027,-1.6294484078166027,-1.6294484078166027,-1.6294484078166027,-1.6294484078166027,-1.6294484078166027,0.0,0.0,0.0,14.5678059457242
2023-08-14,16.193270045037096,6.561767699345044,26.342264845025095,16.193270045037096,16.193270045037096,0.008930471530996797,0.008930471530996797,0.008930471530996797,0.008930471530996797,0.008930471530996797,0.008930471530996797,0.0,0.0,0.0,16.20220051656809
2023-08-15,16.18928573653339,4.9335575293811855,24.81173863597839,16.18928573653339,16.18928573653339,-1.0759314741041255,-1.0759314741041255,-1.0759314741041255,-1.0759314741041255,-1.0759314741041255,-1.0759314741041255,0.0,0.0,0.0,15.113354262429263
2023-08-16,16.18530142802968,7.2572958859663785,27.26365202663821,16.18530142802968,16.18530142802968,0.7845770976456055,0.7845770976456055,0.7845770976456055,0.7845770976456055,0.7845770976456055,0.7845770976456055,0.0,0.0,0.0,16.969878525675284
2023-08-17,16.18131711952597,7.535512652732921,27.68914904201605,16.18131711952597,16.18131711952597,1.03911359999986,1.03911359999986,1.03911359999986,1.03911359999986,1.03911359999986,1.03911359999986,0.0,0.0,0.0,17.22043071952583
2023-08-18,16.17733281102226,7.6891428888064635,27.04840691681349,16.17733281102226,16.17733281102226,1.1582431951235554,1.1582431951235554,1.1582431951235554,1.1582431951235554,1.1582431951235554,1.1582431951235554,0.0,0.0,0.0,17.335576006145818
2023-08-19,16.17334850251855,5.731094941629479,26.055392131110516,16.17334850251855,16.17334850251855,-0.28548448238775304,-0.28548448238775304,-0.28548448238775304,-0.28548448238775304,-0.28548448238775304,-0.28548448238775304,0.0,0.0,0.0,15.887864020130797
2023-08-20,16.169364194014847,4.017767960915055,25.096286490146895,16.169364194014847,16.169364194014847,-1.6294484078147167,-1.6294484078147167,-1.6294484078147167,-1.6294484078147167,-1.6294484078147167,-1.6294484078147167,0.0,0.0,0.0,14.53991578620013
2023-08-21,16.165379885699654,6.297884851232691,26.510801020978253,16.165379885699654,16.165379885699654,0.008930471530185224,0.008930471530185224,0.008930471530185224,0.008930471530185224,0.008930471530185224,0.008930471530185224,0.0,0.0,0.0,16.17431035722984
2023-08-22,16.161395577384464,4.902559837795897,24.890443171639415,16.161395577384464,16.161395577384464,-1.0759314741038175,-1.0759314741038175,-1.0759314741038175,-1.0759314741038175,-1.0759314741038175,-1.0759314741038175,0.0,0.0,0.0,15.085464103280646
2023-08-23,16.15741126906927,6.547733924908066,27.28731322528397,16.15741126906927,16.15741126906927,0.7845770976485669,0.7845770976485669,0.7845770976485669,0.7845770976485669,0.7845770976485669,0.7845770976485669,0.0,0.0,0.0,16.941988366717837
2023-08-24,16.153426960754082,7.148373692165442,27.176517346028636,16.153426960754082,16.153426960754082,1.0391136000013894,1.0391136000013894,1.0391136000013894,1.0391136000013894,1.0391136000013894,1.0391136000013894,0.0,0.0,0.0,17.19254056075547
2023-08-25,16.14944265243889,7.930077555886346,27.113477516910503,16.14944265243889,16.14944265243889,1.1582431951165435,1.1582431951165435,1.1582431951165435,1.1582431951165435,1.1582431951165435,1.1582431951165435,0.0,0.0,0.0,17.307685847555433
2023-08-26,16.1454583441237,5.9233589192793055,26.105019091479406,16.1454583441237,16.1454583441237,-0.2854844823773087,-0.2854844823773087,-0.2854844823773087,-0.2854844823773087,-0.2854844823773087,-0.2854844823773087,0.0,0.0,0.0,15.859973861746392
2023-08-27,16.141474035808507,4.012944087697334,24.54087182829186,16.141474035808507,16.141474035808507,-1.6294484078187064,-1.6294484078187064,-1.6294484078187064,-1.6294484078187064,-1.6294484078187064,-1.6294484078187064,0.0,0.0,0.0,14.5120256279898
2023-08-28,16.137489727493318,6.441349623379574,25.544561824578206,16.137489727493318,16.137489727493318,0.008930471529373374,0.008930471529373374,0.008930471529373374,0.008930471529373374,0.008930471529373374,0.008930471529373374,0.0,0.0,0.0,16.146420199022693
2023-08-29,16.133505419178128,5.267360284426766,24.26661240515219,16.133505419178128,16.133505419178128,-1.075931474104221,-1.075931474104221,-1.075931474104221,-1.075931474104221,-1.075931474104221,-1.075931474104221,0.0,0.0,0.0,15.057573945073907
2023-08-31,16.125536802547742,7.683211395870611,27.730324485372396,16.125536802547742,16.125536802547742,1.0391135999955778,1.0391135999955778,1.0391135999955778,1.0391135999955778,1.0391135999955778,1.0391135999955778,0.0,0.0,0.0,17.16465040254332
2023-09-01,16.121552494232553,7.261627934822211,26.890070296903982,16.121552494232553,16.121552494232553,1.1582431951193861,1.1582431951193861,1.1582431951193861,1.1582431951193861,1.1582431951193861,1.1582431951193861,0.0,0.0,0.0,17.27979568935194
2023-09-02,16.117568185917364,5.91166019640823,25.63376705470268,16.117568185917364,16.117568185917364,-0.2854844823773205,-0.2854844823773205,-0.2854844823773205,-0.2854844823773205,-0.2854844823773205,-0.2854844823773205,0.0,0.0,0.0,15.832083703540043
2023-09-03,16.11358387757714,4.279635725837419,24.024153826323264,16.11358387757714,16.11358387757714,-1.6294484078159344,-1.6294484078159344,-1.6294484078159344,-1.6294484078159344,-1.6294484078159344,-1.6294484078159344,0.0,0.0,0.0,14.484135469761204
2023-09-04,16.109599569236913,6.178462264939956,26.046850431172643,16.109599569236913,16.109599569236913,0.008930471530043116,0.008930471530043116,0.008930471530043116,0.008930471530043116,0.008930471530043116,0.008930471530043116,0.0,0.0,0.0,16.118530040766956
2023-09-05,16.105615260896688,4.730802393240314,25.441899053798984,16.105615260896688,16.105615260896688,-1.0759314741040058,-1.0759314741040058,-1.0759314741040058,-1.0759314741040058,-1.0759314741040058,-1.0759314741040058,0.0,0.0,0.0,15.029683786792681
2023-09-06,16.101630952556466,6.841810244418866,26.508762121934737,16.101630952556466,16.101630952556466,0.784577097648963,0.784577097648963,0.784577097648963,0.784577097648963,0.784577097648963,0.784577097648963,0.0,0.0,0.0,16.88620805020543
2023-09-07,16.09764664421624,6.657342717058878,26.704438742481138,16.09764664421624,16.09764664421624,1.0391136000013756,1.0391136000013756,1.0391136000013756,1.0391136000013756,1.0391136000013756,1.0391136000013756,0.0,0.0,0.0,17.136760244217616
2023-09-08,16.093662335876015,7.394003664776996,26.701910753501018,16.093662335876015,16.093662335876015,1.1582431951222287,1.1582431951222287,1.1582431951222287,1.1582431951222287,1.1582431951222287,1.1582431951222287,0.0,0.0,0.0,17.251905530998243
2023-09-09,16.089678027535793,5.96921815079383,25.72705793599736,16.089678027535793,16.089678027535793,-0.28548448238194296,-0.28548448238194296,-0.28548448238194296,-0.28548448238194296,-0.28548448238194296,-0.28548448238194296,0.0,0.0,0.0,15.80419354515385
2023-09-10,16.085693719195568,4.468705091961015,24.317171091727186,16.085693719195568,16.085693719195568,-1.629448407816543,-1.629448407816543,-1.629448407816543,-1.629448407816543,-1.629448407816543,-1.629448407816543,0.0,0.0,0.0,14.456245311379025
2023-09-11,16.081709410855343,5.577181919439373,25.346282825081538,16.081709410855343,16.081709410855343,0.008930471527400508,0.008930471527400508,0.008930471527400508,0.008930471527400508,0.008930471527400508,0.008930471527400508,0.0,0.0,0.0,16.090639882382742
2023-09-12,16.077725102515117,5.129887632045434,24.99001558711377,16.077725102515117,16.077725102515117,-1.0759314741044093,-1.0759314741044093,-1.0759314741044093,-1.0759314741044093,-1.0759314741044093,-1.0759314741044093,0.0,0.0,0.0,15.001793628410708
2023-09-13,16.073740794174896,6.96393247751383,27.27311535078313,16.073740794174896,16.073740794174896,0.7845770976491608,0.7845770976491608,0.7845770976491608,0.7845770976491608,0.7845770976491608,0.7845770976491608,0.0,0.0,0.0,16.858317891824058
2023-09-14,16.06975648567836,7.555132130004274,26.76233258688688,16.06975648567836,16.06975648567836,1.0391135999986372,1.0391135999986372,1.0391135999986372,1.0391135999986372,1.0391135999986372,1.0391135999986372,0.0,0.0,0.0,17.108870085676998
2023-09-15,16.065772177181827,7.1870707287990445,26.629800507781273,16.065772177181827,16.065772177181827,1.158243195120144,1.158243195120144,1.158243195120144,1.158243195120144,1.158243195120144,1.158243195120144,0.0,0.0,0.0,17.22401537230197
2023-09-16,16.06178786868529,6.152510481715945,26.335315730739094,16.06178786868529,16.06178786868529,-0.2854844823761094,-0.2854844823761094,-0.2854844823761094,-0.2854844823761094,-0.2854844823761094,-0.2854844823761094,0.0,0.0,0.0,15.77630338630918
2023-09-17,16.057803560188756,4.929178402581315,25.029609524803003,16.057803560188756,16.057803560188756,-1.6294484078171514,-1.6294484078171514,-1.6294484078171514,-1.6294484078171514,-1.6294484078171514,-1.6294484078171514,0.0,0.0,0.0,14.428355152371605
2023-09-18,16.05381925169222,6.553945892630948,24.763194982916392,16.05381925169222,16.05381925169222,0.008930471529551565,0.008930471529551565,0.008930471529551565,0.008930471529551565,0.008930471529551565,0.008930471529551565,0.0,0.0,0.0,16.062749723221774
2023-09-19,16.049834943195687,4.571003114090969,24.866741290315368,16.049834943195687,16.049834943195687,-1.0759314741033896,-1.0759314741033896,-1.0759314741033896,-1.0759314741033896,-1.0759314741033896,-1.0759314741033896,0.0,0.0,0.0,14.973903469092297
2023-09-20,16.045850634699153,7.179557314453361,26.4149586540139,16.045850634699153,16.045850634699153,0.7845770976521226,0.7845770976521226,0.7845770976521226,0.7845770976521226,0.7845770976521226,0.7845770976521226,0.0,0.0,0.0,16.830427732351275
2023-09-21,16.04186632620262,6.870264934352436,27.917856679727464,16.04186632620262,16.04186632620262,1.0391136000001666,1.0391136000001666,1.0391136000001666,1.0391136000001666,1.0391136000001666,1.0391136000001666,0.0,0.0,0.0,17.080979926202787
2023-09-22,16.037882017706085,7.58205753384172,26.795430937806564,16.037882017706085,16.037882017706085,1.1582431951233632,1.1582431951233632,1.1582431951233632,1.1582431951233632,1.1582431951233632,1.1582431951233632,0.0,0.0,0.0,17.196125212829447
2023-09-23,16.03389770920955,6.253573810745618,25.686734286517854,16.03389770920955,16.03389770920955,-0.2854844823807321,-0.2854844823807321,-0.2854844823807321,-0.2854844823807321,-0.2854844823807321,-0.2854844823807321,0.0,0.0,0.0,15.74841322682882
2023-09-24,16.029913400713017,5.166863322628445,23.899059646741993,16.029913400713017,16.029913400713017,-1.6294484078177605,-1.6294484078177605,-1.6294484078177605,-1.6294484078177605,-1.6294484078177605,-1.6294484078177605,0.0,0.0,0.0,14.400464992895257
2023-09-25,16.025929092216483,6.27710507921702,26.544494264538482,16.025929092216483,16.025929092216483,0.008930471528739714,0.008930471528739714,0.008930471528739714,0.008930471528739714,0.008930471528739714,0.008930471528739714,0.0,0.0,0.0,16.034859563745222
2023-09-26,16.02194478340521,5.31124005488485,25.06905256538436,16.02194478340521,16.02194478340521,-1.075931474103793,-1.075931474103793,-1.075931474103793,-1.075931474103793,-1.075931474103793,-1.075931474103793,0.0,0.0,0.0,14.946013309301417
2023-09-27,16.017960474593934,6.880529027118678,26.597720230902922,16.017960474593934,16.017960474593934,0.7845770976477653,0.7845770976477653,0.7845770976477653,0.7845770976477653,0.7845770976477653,0.7845770976477653,0.0,0.0,0.0,16.8025375722417
2023-09-28,16.01397616578266,7.753253897177582,27.148784466876023,16.01397616578266,16.01397616578266,1.0391136000016963,1.0391136000016963,1.0391136000016963,1.0391136000016963,1.0391136000016963,1.0391136000016963,0.0,0.0,0.0,17.053089765784353
2023-09-29,16.009991856971386,7.716504518608572,26.608759833838977,16.009991856971386,16.009991856971386,1.158243195116351,1.158243195116351,1.158243195116351,1.158243195116351,1.158243195116351,1.158243195116351,0.0,0.0,0.0,17.168235052087738
2023-09-30,16.006007548160113,5.120533475180885,25.462979948215956,16.006007548160113,16.006007548160113,-0.2854844823761329,-0.2854844823761329,-0.2854844823761329,-0.2854844823761329,-0.2854844823761329,-0.2854844823761329,0.0,0.0,0.0,15.720523065783981
2023-10-01,16.00202323934884,4.539220550498197,25.175198996977194,16.00202323934884,16.00202323934884,-1.6294484078149882,-1.6294484078149882,-1.6294484078149882,-1.6294484078149882,-1.6294484078149882,-1.6294484078149882,0.0,0.0,0.0,14.372574831533852
2023-10-02,15.998038930537566,5.944544586721009,25.86419568623061,15.998038930537566,15.998038930537566,0.008930471529409595,0.008930471529409595,0.008930471529409595,0.008930471529409595,0.008930471529409595,0.008930471529409595,0.0,0.0,0.0,16.006969402066975
2023-10-03,15.99405462172629,4.333382609836842,24.56710323191296,15.99405462172629,15.99405462172629,-1.0759314741041968,-1.0759314741041968,-1.0759314741041968,-1.0759314741041968,-1.0759314741041968,-1.0759314741041968,0.0,0.0,0.0,14.918123147622094
2023-10-04,15.990070312915016,7.562522050412364,26.734358169806384,15.990070312915016,15.990070312915016,0.7845770976507269,0.7845770976507269,0.7845770976507269,0.7845770976507269,0.7845770976507269,0.7845770976507269,0.0,0.0,0.0,16.77464741056574
2023-10-05,15.986086004103743,7.344607089625439,27.502049671308097,15.986086004103743,15.986086004103743,1.0391136000032255,1.0391136000032255,1.0391136000032255,1.0391136000032255,1.0391136000032255,1.0391136000032255,0.0,0.0,0.0,17.02519960410697
2023-10-06,15.98210169529247,6.257947160743313,26.90378946935059,15.98210169529247,15.98210169529247,1.1582431951191936,1.1582431951191936,1.1582431951191936,1.1582431951191936,1.1582431951191936,1.1582431951191936,0.0,0.0,0.0,17.140344890411665
2023-10-07,15.978117386381957,6.377938943595952,25.741486524783664,15.978117386381957,15.978117386381957,-0.28548448238075547,-0.28548448238075547,-0.28548448238075547,-0.28548448238075547,-0.28548448238075547,-0.28548448238075547,0.0,0.0,0.0,15.6926329040012
2023-10-08,15.974133077471443,4.249979568009412,24.372116659557722,15.974133077471443,15.974133077471443,-1.6294484078164828,-1.6294484078164828,-1.6294484078164828,-1.6294484078164828,-1.6294484078164828,-1.6294484078164828,0.0,0.0,0.0,14.34468466965496
2023-10-09,15.970148768560929,6.321270170819499,25.813255845363955,15.970148768560929,15.970148768560929,0.008930471528248302,0.008930471528248302,0.008930471528248302,0.008930471528248302,0.008930471528248302,0.008930471528248302,0.0,0.0,0.0,15.979079240089177
2023-10-10,15.966164459650411,5.04580680588606,25.304521235198084,15.966164459650411,15.966164459650411,-1.0759314741031774,-1.0759314741031774,-1.0759314741031774,-1.0759314741031774,-1.0759314741031774,-1.0759314741031774,0.0,0.0,0.0,14.890232985547234
2023-10-11,15.962180150739897,6.347753040282035,26.35325673972157,15.962180150739897,15.962180150739897,0.7845770976481614,0.7845770976481614,0.7845770976481614,0.7845770976481614,0.7845770976481614,0.7845770976481614,0.0,0.0,0.0,16.746757248388057
2023-10-12,15.958195841829383,7.028367715411134,27.15122648994459,15.958195841829383,15.958195841829383,1.0391136000004872,1.0391136000004872,1.0391136000004872,1.0391136000004872,1.0391136000004872,1.0391136000004872,0.0,0.0,0.0,16.99730944182987
2023-10-13,15.954211532918869,7.004144962468101,26.5072529734485,15.954211532918869,15.954211532918869,1.1582431951224126,1.1582431951224126,1.1582431951224126,1.1582431951224126,1.1582431951224126,1.1582431951224126,0.0,0.0,0.0,17.112454728041282
2023-10-15,15.94624291509784,4.067532680453639,23.257539309737833,15.94624291509784,15.94624291509784,-1.6294484078137108,-1.6294484078137108,-1.6294484078137108,-1.6294484078137108,-1.6294484078137108,-1.6294484078137108,0.0,0.0,0.0,14.31679450728413
2023-10-16,15.942258606187325,5.758370322278253,25.837597077712513,15.942258606187325,15.942258606187325,0.008930471528918044,0.008930471528918044,0.008930471528918044,0.008930471528918044,0.008930471528918044,0.008930471528918044,0.0,0.0,0.0,15.951189077716244
2023-10-17,15.938274297276811,5.309403577883103,24.752421894470643,15.938274297276811,15.938274297276811,-1.075931474103581,-1.075931474103581,-1.075931474103581,-1.075931474103581,-1.075931474103581,-1.075931474103581,0.0,0.0,0.0,14.862342823173229
2023-10-18,15.934289988366297,7.3351686576820985,26.341864809259235,15.934289988366297,15.934289988366297,0.7845770976511228,0.7845770976511228,0.7845770976511228,0.7845770976511228,0.7845770976511228,0.7845770976511228,0.0,0.0,0.0,16.71886708601742
2023-10-19,15.930305679455783,7.354522345832769,27.410664455617347,15.930305679455783,15.930305679455783,1.0391136000032117,1.0391136000032117,1.0391136000032117,1.0391136000032117,1.0391136000032117,1.0391136000032117,0.0,0.0,0.0,16.969419279458993
2023-10-20,15.926321370316415,7.170016362473629,26.116578715218278,15.926321370316415,15.926321370316415,1.1582431951252556,1.1582431951252556,1.1582431951252556,1.1582431951252556,1.1582431951252556,1.1582431951252556,0.0,0.0,0.0,17.08456456544167
2023-10-21,15.92233706117705,5.794739780791092,25.77671164380949,15.92233706117705,15.92233706117705,-0.285484482380779,-0.285484482380779,-0.285484482380779,-0.285484482380779,-0.285484482380779,-0.285484482380779,0.0,0.0,0.0,15.63685257879627
2023-10-22,15.918352752037684,4.295205413127902,23.918130425348068,15.918352752037684,15.918352752037684,-1.6294484078177007,-1.6294484078177007,-1.6294484078177007,-1.6294484078177007,-1.6294484078177007,-1.6294484078177007,0.0,0.0,0.0,14.288904344219983
2023-10-23,15.914368442898319,6.211736922252932,26.404662454266955,15.914368442898319,15.914368442898319,0.008930471529587508,0.008930471529587508,0.008930471529587508,0.008930471529587508,0.008930471529587508,0.008930471529587508,0.0,0.0,0.0,15.923298914427907
2023-10-24,15.910384133758953,5.213167876862413,24.495374880040334,15.910384133758953,15.910384133758953,-1.075931474104077,-1.075931474104077,-1.075931474104077,-1.075931474104077,-1.075931474104077,-1.075931474104077,0.0,0.0,0.0,14.834452659654875
2023-10-25,15.906399824619585,7.557568468856137,26.04243072872249,15.906399824619585,15.906399824619585,0.7845770976540845,0.7845770976540845,0.7845770976540845,0.7845770976540845,0.7845770976540845,0.7845770976540845,0.0,0.0,0.0,16.69097692227367
2023-10-26,15.90241551548022,7.232522321058273,26.430785603155517,15.90241551548022,15.90241551548022,1.0391136000004733,1.0391136000004733,1.0391136000004733,1.0391136000004733,1.0391136000004733,1.0391136000004733,0.0,0.0,0.0,16.941529115480694
2023-10-27,15.898431206340852,7.395975698866003,27.309319299830598,15.898431206340852,15.898431206340852,1.1582431951231706,1.1582431951231706,1.1582431951231706,1.1582431951231706,1.1582431951231706,1.1582431951231706,0.0,0.0,0.0,17.056674401464022
2023-10-28,15.894446897201489,6.542685557954017,25.44614318177995,15.894446897201489,15.894446897201489,-0.2854844823854015,-0.2854844823854015,-0.2854844823854015,-0.2854844823854015,-0.2854844823854015,-0.2854844823854015,0.0,0.0,0.0,15.608962414816087
2023-10-29,15.890462588062121,4.504500776700161,24.71344983190132,15.890462588062121,15.890462588062121,-1.6294484078149285,-1.6294484078149285,-1.6294484078149285,-1.6294484078149285,-1.6294484078149285,-1.6294484078149285,0.0,0.0,0.0,14.261014180247193
2023-10-30,15.886478278922755,5.445243800663531,25.5244556294679,15.886478278922755,15.886478278922755,0.008930471530257389,0.008930471530257389,0.008930471530257389,0.008930471530257389,0.008930471530257389,0.008930471530257389,0.0,0.0,0.0,15.895408750453013
2023-10-31,15.88249396978339,4.898886224458773,24.983640571912883,15.88249396978339,15.88249396978339,-1.0759314741044808,-1.0759314741044808,-1.0759314741044808,-1.0759314741044808,-1.0759314741044808,-1.0759314741044808,0.0,0.0,0.0,14.806562495678909
2023-11-01,15.878509660644022,7.093871266527664,27.533298595162883,15.878509660644022,15.878509660644022,0.784577097651519,0.784577097651519,0.784577097651519,0.784577097651519,0.784577097651519,0.784577097651519,0.0,0.0,0.0,16.66308675829554
2023-11-02,15.874525351504658,7.755884243424253,27.04233661754812,15.874525351504658,15.874525351504658,1.0391136000062713,1.0391136000062713,1.0391136000062713,1.0391136000062713,1.0391136000062713,1.0391136000062713,0.0,0.0,0.0,16.91363895151093
2023-11-03,15.870541042365291,6.9805330878354415,27.64926779769173,15.870541042365291,15.870541042365291,1.158243195121086,1.158243195121086,1.158243195121086,1.158243195121086,1.158243195121086,1.158243195121086,0.0,0.0,0.0,17.028784237486377
2023-11-04,15.866556733225925,6.124240824212213,25.30895106204636,15.866556733225925,15.866556733225925,-0.285484482379568,-0.285484482379568,-0.285484482379568,-0.285484482379568,-0.285484482379568,-0.285484482379568,0.0,0.0,0.0,15.581072250846358
2023-11-05,15.862572424086558,4.00745182225908,23.65179330428095,15.862572424086558,15.862572424086558,-1.6294484078198042,-1.6294484078198042,-1.6294484078198042,-1.6294484078198042,-1.6294484078198042,-1.6294484078198042,0.0,0.0,0.0,14.233124016266753
2023-11-06,15.858588114947194,5.335729517148292,25.9758669454771,15.858588114947194,15.858588114947194,0.008930471529445538,0.008930471529445538,0.008930471529445538,0.008930471529445538,0.008930471529445538,0.008930471529445538,0.0,0.0,0.0,15.86751858647664
2023-11-07,15.854603805807827,4.414717709624532,25.555030168882038,15.854603805807827,15.854603805807827,-1.0759314741041726,-1.0759314741041726,-1.0759314741041726,-1.0759314741041726,-1.0759314741041726,-1.0759314741041726,0.0,0.0,0.0,14.778672331703653
2023-11-08,15.850619496668461,7.021421648344966,27.096237541200303,15.850619496668461,15.850619496668461,0.7845770976544804,0.7845770976544804,0.7845770976544804,0.7845770976544804,0.7845770976544804,0.7845770976544804,0.0,0.0,0.0,16.63519659432294
2023-11-09,15.846635187529095,6.600980298490977,27.38161400518937,15.846635187529095,15.846635187529095,1.0391136000004595,1.0391136000004595,1.0391136000004595,1.0391136000004595,1.0391136000004595,1.0391136000004595,0.0,0.0,0.0,16.885748787529554
2023-11-10,15.842650878389728,7.198201868238126,27.09692025377227,15.842650878389728,15.842650878389728,1.1582431951190015,1.1582431951190015,1.1582431951190015,1.1582431951190015,1.1582431951190015,1.1582431951190015,0.0,0.0,0.0,17.00089407350873
2023-11-11,15.838666569250364,5.944166832575646,25.34480179145584,15.838666569250364,15.838666569250364,-0.28548448238419055,-0.28548448238419055,-0.28548448238419055,-0.28548448238419055,-0.28548448238419055,-0.28548448238419055,0.0,0.0,0.0,15.553182086866174
2023-11-12,15.834682260110997,4.546117966020252,24.444710382269975,15.834682260110997,15.834682260110997,-1.6294484078170317,-1.6294484078170317,-1.6294484078170317,-1.6294484078170317,-1.6294484078170317,-1.6294484078170317,0.0,0.0,0.0,14.205233852293965
2023-11-13,15.830697950971631,6.829312138480749,25.493146338841093,15.830697950971631,15.830697950971631,0.008930471531596457,0.008930471531596457,0.008930471531596457,0.008930471531596457,0.008930471531596457,0.008930471531596457,0.0,0.0,0.0,15.839628422503228
2023-11-14,15.826713641832264,4.786495299259605,23.912505032619276,15.826713641832264,15.826713641832264,-1.0759314741038646,-1.0759314741038646,-1.0759314741038646,-1.0759314741038646,-1.0759314741038646,-1.0759314741038646,0.0,0.0,0.0,14.7507821677284
2023-11-15,15.8227293326929,6.761520224717203,26.395510058011833,15.8227293326929,15.8227293326929,0.7845770976501232,0.7845770976501232,0.7845770976501232,0.7845770976501232,0.7845770976501232,0.7845770976501232,0.0,0.0,0.0,16.607306430343023
2023-11-16,15.818745023553532,7.030460657550183,26.83065729192167,15.818745023553532,15.818745023553532,1.039113600001989,1.039113600001989,1.039113600001989,1.039113600001989,1.039113600001989,1.039113600001989,0.0,0.0,0.0,16.857858623555522
2023-11-17,15.814760714414167,6.9363130679707625,26.25531528900505,15.814760714414167,15.814760714414167,1.158243195121844,1.158243195121844,1.158243195121844,1.158243195121844,1.158243195121844,1.158243195121844,0.0,0.0,0.0,16.97300390953601
2023-11-18,15.810776405274801,5.60337191891934,25.311386796201866,15.810776405274801,15.810776405274801,-0.2854844823842024,-0.2854844823842024,-0.2854844823842024,-0.2854844823842024,-0.2854844823842024,-0.2854844823842024,0.0,0.0,0.0,15.525291922890599
2023-11-19,15.806792096135435,4.0505978649886565,23.990485594460065,15.806792096135435,15.806792096135435,-1.6294484078142601,-1.6294484078142601,-1.6294484078142601,-1.6294484078142601,-1.6294484078142601,-1.6294484078142601,0.0,0.0,0.0,14.177343688321175
2023-11-20,15.80280778699607,5.950989435023493,25.80035506460754,15.80280778699607,15.80280778699607,0.008930471528954126,0.008930471528954126,0.008930471528954126,0.008930471528954126,0.008930471528954126,0.008930471528954126,0.0,0.0,0.0,15.811738258525024
2023-11-21,15.798823477856702,4.503974334455314,24.615547715042617,15.798823477856702,15.798823477856702,-1.0759314741035566,-1.0759314741035566,-1.0759314741035566,-1.0759314741035566,-1.0759314741035566,-1.0759314741035566,0.0,0.0,0.0,14.722892003753145
2023-11-22,15.794839168717337,6.514933606084786,26.78247605034394,15.794839168717337,15.794839168717337,0.7845770976503214,0.7845770976503214,0.7845770976503214,0.7845770976503214,0.7845770976503214,0.7845770976503214,0.0,0.0,0.0,16.57941626636766
2023-11-23,15.79085485957797,6.956647242666148,26.701733610776607,15.79085485957797,15.79085485957797,1.0391135999992505,1.0391135999992505,1.0391135999992505,1.0391135999992505,1.0391135999992505,1.0391135999992505,0.0,0.0,0.0,16.82996845957722
2023-11-24,15.786870550438605,6.951269408023746,27.645166344419884,15.786870550438605,15.786870550438605,1.158243195114832,1.158243195114832,1.158243195114832,1.158243195114832,1.158243195114832,1.158243195114832,0.0,0.0,0.0,16.94511374555344
2023-11-25,15.782886241299238,5.529684908194126,25.400142123383436,15.782886241299238,15.782886241299238,-0.28548448238421403,-0.28548448238421403,-0.28548448238421403,-0.28548448238421403,-0.28548448238421403,-0.28548448238421403,0.0,0.0,0.0,15.497401758915023
2023-11-26,15.778901932159872,4.103718508286441,23.59191020320812,15.778901932159872,15.778901932159872,-1.6294484078182498,-1.6294484078182498,-1.6294484078182498,-1.6294484078182498,-1.6294484078182498,-1.6294484078182498,0.0,0.0,0.0,14.149453524341622
2023-11-27,15.774917623020507,5.797873781459026,24.95063933972999,15.774917623020507,15.774917623020507,0.00893047152962359,0.00893047152962359,0.00893047152962359,0.00893047152962359,0.00893047152962359,0.00893047152962359,0.0,0.0,0.0,15.78384809455013
2023-11-28,15.77093331388114,5.110341385647746,24.25446611393273,15.77093331388114,15.77093331388114,-1.0759314741039603,-1.0759314741039603,-1.0759314741039603,-1.0759314741039603,-1.0759314741039603,-1.0759314741039603,0.0,0.0,0.0,14.695001839777179
2023-11-29,15.766949004741775,6.720531119436599,27.007072454722792,15.766949004741775,15.766949004741775,0.7845770976505193,0.7845770976505193,0.7845770976505193,0.7845770976505193,0.7845770976505193,0.7845770976505193,0.0,0.0,0.0,16.551526102392295
2023-11-30,15.762964695602408,6.969531766307732,27.10697858174181,15.762964695602408,15.762964695602408,1.0391135999965118,1.0391135999965118,1.0391135999965118,1.0391135999965118,1.0391135999965118,1.0391135999965118,0.0,0.0,0.0,16.80207829559892
2023-12-01,15.758980386463042,7.45153540722825,27.31250526881736,15.758980386463042,15.758980386463042,1.1582431951229786,1.1582431951229786,1.1582431951229786,1.1582431951229786,1.1582431951229786,1.1582431951229786,0.0,0.0,0.0,16.917223581586022
2023-12-02,15.754996077323678,5.220972406707181,25.861281081506096,15.754996077323678,15.754996077323678,-0.2854844823737698,-0.2854844823737698,-0.2854844823737698,-0.2854844823737698,-0.2854844823737698,-0.2854844823737698,0.0,0.0,0.0,15.469511594949909
2023-12-03,15.751011768184311,3.709843875009085,23.18555863295129,15.751011768184311,15.751011768184311,-1.6294484078154772,-1.6294484078154772,-1.6294484078154772,-1.6294484078154772,-1.6294484078154772,-1.6294484078154772,0.0,0.0,0.0,14.121563360368834
2023-12-04,15.747027459044943,5.760184891611843,25.529096303193903,15.747027459044943,15.747027459044943,0.008930471528812017,0.008930471528812017,0.008930471528812017,0.008930471528812017,0.008930471528812017,0.008930471528812017,0.0,0.0,0.0,15.755957930573755
2023-12-05,15.743043149905578,4.748140827761606,24.911042250777093,15.743043149905578,15.743043149905578,-1.0759314741029404,-1.0759314741029404,-1.0759314741029404,-1.0759314741029404,-1.0759314741029404,-1.0759314741029404,0.0,0.0,0.0,14.667111675802637
2023-12-06,15.739058840766212,6.659903452721508,26.754187880611322,15.739058840766212,15.739058840766212,0.7845770976461621,0.7845770976461621,0.7845770976461621,0.7845770976461621,0.7845770976461621,0.7845770976461621,0.0,0.0,0.0,16.523635938412376
2023-12-07,15.735074531626845,6.412816740318089,26.176087279770236,15.735074531626845,15.735074531626845,1.0391136000023096,1.0391136000023096,1.0391136000023096,1.0391136000023096,1.0391136000023096,1.0391136000023096,0.0,0.0,0.0,16.774188131629153
2023-12-08,15.731090222487481,6.705726048779864,26.418212036528637,15.731090222487481,15.731090222487481,1.1582431951208938,1.1582431951208938,1.1582431951208938,1.1582431951208938,1.1582431951208938,1.1582431951208938,0.0,0.0,0.0,16.889333417608373
2023-12-09,15.727105913348113,4.790651590544531,25.262676078896074,15.727105913348113,15.727105913348113,-0.2854844823783923,-0.2854844823783923,-0.2854844823783923,-0.2854844823783923,-0.2854844823783923,-0.2854844823783923,0.0,0.0,0.0,15.441621430969722
2023-12-10,15.723121604208748,4.303861844622665,23.96582563344305,15.723121604208748,15.723121604208748,-1.6294484078160858,-1.6294484078160858,-1.6294484078160858,-1.6294484078160858,-1.6294484078160858,-1.6294484078160858,0.0,0.0,0.0,14.093673196392661
2023-12-11,15.719137295069384,5.482163364819675,24.91551377344626,15.719137295069384,15.719137295069384,0.008930471528000167,0.008930471528000167,0.008930471528000167,0.008930471528000167,0.008930471528000167,0.008930471528000167,0.0,0.0,0.0,15.728067766597384
2023-12-12,15.715152985930017,5.383904910606713,25.27558819126571,15.715152985930017,15.715152985930017,-1.0759314741041484,-1.0759314741041484,-1.0759314741041484,-1.0759314741041484,-1.0759314741041484,-1.0759314741041484,0.0,0.0,0.0,14.639221511825868
2023-12-13,15.711168676790649,6.5638836919301555,26.8627621901569,15.711168676790649,15.711168676790649,0.7845770976463601,0.7845770976463601,0.7845770976463601,0.7845770976463601,0.7845770976463601,0.7845770976463601,0.0,0.0,0.0,16.495745774437008
2023-12-14,15.707184367651283,7.112907983599606,26.874576813010023,15.707184367651283,15.707184367651283,1.0391135999995709,1.0391135999995709,1.0391135999995709,1.0391135999995709,1.0391135999995709,1.0391135999995709,0.0,0.0,0.0,16.746297967650854
2023-12-15,15.703200058511918,7.397739357129919,26.358188690927513,15.703200058511918,15.703200058511918,1.1582431951237364,1.1582431951237364,1.1582431951237364,1.1582431951237364,1.1582431951237364,1.1582431951237364,0.0,0.0,0.0,16.861443253635656
2023-12-16,15.69921574937255,5.8954692577696886,25.419230245880037,15.69921574937255,15.69921574937255,-0.28548448237840396,-0.28548448237840396,-0.28548448237840396,-0.28548448237840396,-0.28548448237840396,-0.28548448237840396,0.0,0.0,0.0,15.413731266994146
2023-12-17,15.695231440233187,4.517680920755367,24.016089765954938,15.695231440233187,15.695231440233187,-1.629448407817581,-1.629448407817581,-1.629448407817581,-1.629448407817581,-1.629448407817581,-1.629448407817581,0.0,0.0,0.0,14.065783032415606
2023-12-18,15.691247131093819,5.918276661819467,25.59395602052257,15.691247131093819,15.691247131093819,0.008930471530151224,0.008930471530151224,0.008930471530151224,0.008930471530151224,0.008930471530151224,0.008930471530151224,0.0,0.0,0.0,15.70017760262397
2023-12-19,15.687262821954453,4.496009768074631,24.478009235884425,15.687262821954453,15.687262821954453,-1.0759314741031287,-1.0759314741031287,-1.0759314741031287,-1.0759314741031287,-1.0759314741031287,-1.0759314741031287,0.0,0.0,0.0,14.611331347851324
2023-12-20,15.683278512815086,6.450498658828757,25.996930938479053,15.683278512815086,15.683278512815086,0.7845770976493216,0.7845770976493216,0.7845770976493216,0.7845770976493216,0.7845770976493216,0.7845770976493216,0.0,0.0,0.0,16.467855610464408
2023-12-21,15.679294203675722,7.966644304602889,26.039603918586355,15.679294203675722,15.679294203675722,1.0391136000011005,1.0391136000011005,1.0391136000011005,1.0391136000011005,1.0391136000011005,1.0391136000011005,0.0,0.0,0.0,16.718407803676822
2023-12-22,15.675309894536355,7.0650862516966875,26.719908578514662,15.675309894536355,15.675309894536355,1.1582431951265793,1.1582431951265793,1.1582431951265793,1.1582431951265793,1.1582431951265793,1.1582431951265793,0.0,0.0,0.0,16.833553089662935
2023-12-23,15.671325585396989,5.601135410325121,25.34850124336939,15.671325585396989,15.671325585396989,-0.28548448238302654,-0.28548448238302654,-0.28548448238302654,-0.28548448238302654,-0.28548448238302654,-0.28548448238302654,0.0,0.0,0.0,15.385841103013963
2023-12-24,15.667341276257623,4.214853546452355,23.333955272606744,15.667341276257623,15.667341276257623,-1.6294484078181894,-1.6294484078181894,-1.6294484078181894,-1.6294484078181894,-1.6294484078181894,-1.6294484078181894,0.0,0.0,0.0,14.037892868439434
2023-12-25,15.663356967118258,5.618582263168793,25.73257751857295,15.663356967118258,15.663356967118258,0.00893047152933965,0.00893047152933965,0.00893047152933965,0.00893047152933965,0.00893047152933965,0.00893047152933965,0.0,0.0,0.0,15.672287438647597
2023-12-26,15.659372657978892,4.302080467056911,24.777796368661832,15.659372657978892,15.659372657978892,-1.0759314741035322,-1.0759314741035322,-1.0759314741035322,-1.0759314741035322,-1.0759314741035322,-1.0759314741035322,0.0,0.0,0.0,14.58344118387536
2023-12-27,15.655388348839525,6.268324223258692,26.637386867208672,15.655388348839525,15.655388348839525,0.7845770976495198,0.7845770976495198,0.7845770976495198,0.7845770976495198,0.7845770976495198,0.7845770976495198,0.0,0.0,0.0,16.439965446489044
2023-12-28,15.651404039700159,6.375970096041702,27.094226670321156,15.651404039700159,15.651404039700159,1.039113599999557,1.039113599999557,1.039113599999557,1.039113599999557,1.039113599999557,1.039113599999557,0.0,0.0,0.0,16.690517639699717
2023-12-29,15.647419730560792,6.944755944484731,26.76918523110185,15.647419730560792,15.647419730560792,1.1582431951195669,1.1582431951195669,1.1582431951195669,1.1582431951195669,1.1582431951195669,1.1582431951195669,0.0,0.0,0.0,16.80566292568036
2023-12-30,15.643435421421428,5.142044409506179,25.484756867980924,15.643435421421428,15.643435421421428,-0.28548448237842744,-0.28548448237842744,-0.28548448237842744,-0.28548448237842744,-0.28548448237842744,-0.28548448237842744,0.0,0.0,0.0,15.357950939043
2023-12-31,15.63945111228206,3.783898016783673,24.28744641365856,15.63945111228206,15.63945111228206,-1.6294484078154174,-1.6294484078154174,-1.6294484078154174,-1.6294484078154174,-1.6294484078154174,-1.6294484078154174,0.0,0.0,0.0,14.010002704466643
2024-01-01,15.635466803142695,5.89037290056553,25.173267140135792,15.635466803142695,15.635466803142695,0.008930471530009254,0.008930471530009254,0.008930471530009254,0.008930471530009254,0.008930471530009254,0.008930471530009254,0.0,0.0,0.0,15.644397274672704
2024-01-02,15.631482494003329,4.568403881357537,24.22104953430317,15.631482494003329,15.631482494003329,-1.0759314741040285,-1.0759314741040285,-1.0759314741040285,-1.0759314741040285,-1.0759314741040285,-1.0759314741040285,0.0,0.0,0.0,14.555551019899301
2024-01-03,15.627498184863962,6.537538310614739,26.29258329353965,15.627498184863962,15.62749818514479,0.7845770976524812,0.7845770976524812,0.7845770976524812,0.7845770976524812,0.7845770976524812,0.7845770976524812,0.0,0.0,0.0,16.412075282516444
2024-01-04,15.623513875724598,6.8904969529275,26.454758451920913,15.623513875080361,15.623513880546351,1.039113600001087,1.039113600001087,1.039113600001087,1.039113600001087,1.039113600001087,1.039113600001087,0.0,0.0,0.0,16.662627475725685
2024-01-05,15.61952956658523,6.646021805311982,27.13792854935433,15.619529562996881,15.619529579568729,1.1582431951178587,1.1582431951178587,1.1582431951178587,1.1582431951178587,1.1582431951178587,1.1582431951178587,0.0,0.0,0.0,16.77777276170309
2024-01-06,15.615545257445865,5.695012983957928,25.11803819946051,15.615545249854467,15.615545277198814,-0.28548448238305,-0.28548448238305,-0.28548448238305,-0.28548448238305,-0.28548448238305,-0.28548448238305,0.0,0.0,0.0,15.330060775062815
2024-01-07,15.6115609483065,3.409728254099075,23.3268294507883,15.61156093517021,15.611560977697602,-1.6294484078160263,-1.6294484078160263,-1.6294484078160263,-1.6294484078160263,-1.6294484078160263,-1.6294484078160263,0.0,0.0,0.0,13.982112540490474
2024-01-08,15.607576639167133,5.721204678762119,25.3959894419528,15.607576620699794,15.607576675823527,0.008930471528847822,0.008930471528847822,0.008930471528847822,0.008930471528847822,0.008930471528847822,0.008930471528847822,0.0,0.0,0.0,15.61650711069598
2024-01-09,15.603592330027766,4.942829373756562,24.512897787056513,15.603592302751448,15.603592376335726,-1.0759314741037205,-1.0759314741037205,-1.0759314741037205,-1.0759314741037205,-1.0759314741037205,-1.0759314741037205,0.0,0.0,0.0,14.527660855924045
2024-01-10,15.5996080208884,6.482319605094235,25.792781779438673,15.599607985376364,15.599608080357754,0.7845770976499156,0.7845770976499156,0.7845770976499156,0.7845770976499156,0.7845770976499156,0.7845770976499156,0.0,0.0,0.0,16.384185118538316
2024-01-11,15.595623711749035,6.907129212974137,26.63926077719609,15.595623666273381,15.595623787115512,1.0391135999983483,1.0391135999983483,1.0391135999983483,1.0391135999983483,1.0391135999983483,1.0391135999983483,0.0,0.0,0.0,16.634737311747383
2024-01-12,15.591639402609667,7.182909641744626,27.45600810393363,15.591639346642511,15.591639491991815,1.1582431951207015,1.1582431951207015,1.1582431951207015,1.1582431951207015,1.1582431951207015,1.1582431951207015,0.0,0.0,0.0,16.74988259773037
2024-01-13,15.587655093470303,5.093227753353073,24.549127628704873,15.587655028175696,15.58765519776793,-0.2854844823772164,-0.2854844823772164,-0.2854844823772164,-0.2854844823772164,-0.2854844823772164,-0.2854844823772164,0.0,0.0,0.0,15.302170611093088
2024-01-14,15.583670784330936,4.347958739813731,23.69785718484541,15.58367070315844,15.583670900932653,-1.629448407813254,-1.629448407813254,-1.629448407813254,-1.629448407813254,-1.629448407813254,-1.629448407813254,0.0,0.0,0.0,13.954222376517682
2024-01-15,15.57968647519157,6.047698035619647,25.69891665063731,15.579686382260567,15.579686606507021,0.008930471529517703,0.008930471529517703,0.008930471529517703,0.008930471529517703,0.008930471529517703,0.008930471529517703,0.0,0.0,0.0,15.588616946721087
2024-01-16,15.575702166052203,3.8823033526652333,24.40719300542872,15.575702061577932,15.575702316022378,-1.0759314741034127,-1.0759314741034127,-1.0759314741034127,-1.0759314741034127,-1.0759314741034127,-1.0759314741034127,0.0,0.0,0.0,14.49977069194879
2024-01-17,15.571717856912839,6.073437314732536,25.97868004261945,15.57171773397935,15.57171802218997,0.7845770976528772,0.7845770976528772,0.7845770976528772,0.7845770976528772,0.7845770976528772,0.7845770976528772,0.0,0.0,0.0,16.356294954565715
2024-01-18,15.567733547773472,7.071642362092854,25.953137605770465,15.567733414134956,15.567733726902198,1.0391135999998777,1.0391135999998777,1.0391135999998777,1.0391135999998777,1.0391135999998777,1.0391135999998777,0.0,0.0,0.0,16.60684714777335
2024-01-19,15.563749238634106,6.91401229148677,27.731368247967993,15.563749085181218,15.563749431982275,1.1582431951235441,1.1582431951235441,1.1582431951235441,1.1582431951235441,1.1582431951235441,1.1582431951235441,0.0,0.0,0.0,16.72199243375765
2024-01-20,15.55976492949474,4.6591758389192295,25.68503787778945,15.559764754931543,15.559765141027523,-0.28548448237722823,-0.28548448237722823,-0.28548448237722823,-0.28548448237722823,-0.28548448237722823,-0.28548448237722823,0.0,0.0,0.0,15.274280447117512
2024-01-21,15.555780620355373,4.271001863321827,23.47491729676115,15.555780430140182,15.555780850568777,-1.6294484078172435,-1.6294484078172435,-1.6294484078172435,-1.6294484078172435,-1.6294484078172435,-1.6294484078172435,0.0,0.0,0.0,13.92633221253813
2024-01-22,15.551796311216009,5.6973792440464806,25.509413039935758,15.551796103584593,15.55179656093028,0.008930471530187306,0.008930471530187306,0.008930471530187306,0.008930471530187306,0.008930471530187306,0.008930471530187306,0.0,0.0,0.0,15.560726782746196
2024-01-23,15.547812002076641,4.540997509364872,24.557114027656198,15.547811777412317,15.54781226914907,-1.0759314741038162,-1.0759314741038162,-1.0759314741038162,-1.0759314741038162,-1.0759314741038162,-1.0759314741038162,0.0,0.0,0.0,14.471880527972825
2024-01-24,15.543827692937276,6.458188046103421,26.367220821849926,15.543827443907318,15.543827978654987,0.7845770976485201,0.7845770976485201,0.7845770976485201,0.7845770976485201,0.7845770976485201,0.7845770976485201,0.0,0.0,0.0,16.328404790585797
2024-01-25,15.539843383797912,6.901477996139035,26.80109711795613,15.539843114168708,15.539843687306135,1.039113599997139,1.039113599997139,1.039113599997139,1.039113599997139,1.039113599997139,1.039113599997139,0.0,0.0,0.0,16.578956983795052
2024-01-26,15.535859074658545,6.622389280016369,26.461501499226564,15.535858784494794,15.535859397363975,1.1582431951214596,1.1582431951214596,1.1582431951214596,1.1582431951214596,1.1582431951214596,1.1582431951214596,0.0,0.0,0.0,16.694102269780004
2024-01-27,15.531874765519177,5.5176813467464205,25.116736722277924,15.531874454827108,15.531875108200648,-0.28548448237724,-0.28548448237724,-0.28548448237724,-0.28548448237724,-0.28548448237724,-0.28548448237724,0.0,0.0,0.0,15.246390283141936
2024-01-28,15.527890456379811,3.796413641001941,23.43942855580114,15.527890130350027,15.527890822225283,-1.6294484078144715,-1.6294484078144715,-1.6294484078144715,-1.6294484078144715,-1.6294484078144715,-1.6294484078144715,0.0,0.0,0.0,13.89844204856534
2024-01-29,15.523906147240446,5.189249175480228,24.986173605577715,15.523905807273762,15.52390653941128,0.00893047152902629,0.00893047152902629,0.00893047152902629,0.00893047152902629,0.00893047152902629,0.00893047152902629,0.0,0.0,0.0,15.532836618769473
2024-01-30,15.51992183810108,4.738034388815053,25.32035359575321,15.519921479101964,15.51992225623618,-1.0759314741042196,-1.0759314741042196,-1.0759314741042196,-1.0759314741042196,-1.0759314741042196,-1.0759314741042196,0.0,0.0,0.0,14.44399036399686
